A 0
1A,FFFFE5,3110,29,7,24917C2ED3,1,1,0
FFFFF8,8,E8,2C,C,5CA253C84,0,64,1
T
FFFFF7,D,D62,30,B,526854F96,FFFFFFC0,1,0
FFFFEC,FFFFF1,DEA,2A,F,CB56BEAB5,FFFFF42C,64,1
A 1
1A,FFFFE5,3110,29,7,24917C2ED3,1,1,0
FFFFF1,0,151C,2A,7,5C289DC601,0,65,1
T
FFFFF7,D,D62,30,B,526854F96,FFFFFFC0,1,0
FFFFF5,FFFFF2,2F90,2B,5,CD3E4783A,FFFFF4D3,65,1
A 0
1A,FFFFE5,3110,29,7,24917C2ED3,1,1,0
2B,1D,296E,2B,5,5C47164F61,0,66,1
T
FFFFF7,D,D62,30,B,526854F96,FFFFFFC0,1,0
21,9,3C52,2E,13,CF25D0295,FFFFF3A7,66,1
A 1
1A,FFFFE5,3110,29,7,24917C2ED3,1,1,0
1E,FFFFF2,3C50,2F,9,5C658ED6BE,0,67,1
T
FFFFF7,D,D62,30,B,526854F96,FFFFFFC0,1,0
9,C,37C4,2B,4,D10D58E41,FFFFF577,67,1
A 0
1A,FFFFE5,3110,29,7,24917C2ED3,1,1,0
11,27,2856,2C,6,5C84076025,0,68,1
T
FFFFF7,D,D62,30,B,526854F96,FFFFFFC0,1,0
FFFFFE,FFFFED,2E32,2E,12,D2F4E1A5D,FFFFF3B4,68,1
A 1
1A,FFFFE5,3110,29,7,24917C2ED3,1,1,0
FFFFBE,C,3AC2,2D,8,5CA27FE987,0,69,1
T
FFFFF7,D,D62,30,B,526854F96,FFFFFFC0,1,0
FFFFED,5,2E3E,2C,4,D4DC6A5FE,FFFFF5C8,69,1
A 0
1A,FFFFE5,3110,29,7,24917C2ED3,1,1,0
1C,0,3118,2D,6,5CC0F870DC,0,70,1
T
FFFFF7,D,D62,30,B,526854F96,FFFFFFC0,1,0
FFFFD5,FFFFFB,14D4,29,F,D6C3F303D,FFFFF444,70,1
A 1
1A,FFFFE5,3110,29,7,24917C2ED3,1,1,0
2A,29,147C,2D,8,5CDF70FA49,0,71,1
T
FFFFF7,D,D62,30,B,526854F96,FFFFFFC0,1,0
24,20,3A8E,28,3,D8AB7BDBE,FFFFF609,71,1
A 0
1A,FFFFE5,3110,29,7,24917C2ED3,1,1,0
E,34,FC6,2B,5,5CFDE983B0,0,72,1
T
FFFFF7,D,D62,30,B,526854F96,FFFFFFC0,1,0
FFFFFF,FFFFD8,290,2E,13,DA930480A,FFFFF336,72,1
A 1
1A,FFFFE5,3110,29,7,24917C2ED3,1,1,0
FFFFE0,FFFFFF,163C,2C,7,5D1C620B08,0,73,1
T
FFFFF7,D,D62,30,B,526854F96,FFFFFFC0,1,0
1C,2A,3EB6,29,4,DC7A8D39E,FFFFF5FE,73,1
A 0
1A,FFFFE5,3110,29,7,24917C2ED3,1,1,0
15,1A,2AD2,29,A,5D3ADA925A,0,74,1
T
FFFFF7,D,D62,30,B,526854F96,FFFFFFC0,1,0
FFFFE8,3,31AE,2C,8,DE6215DEE,FFFFF3B3,74,1
A 1
1A,FFFFE5,3110,29,7,24917C2ED3,1,1,0
FFFFBF,FFFFB7,2B2,29,6,5D59531BCC,0,75,1
T
FFFFF7,D,D62,30,B,526854F96,FFFFFFC0,1,0
59,18,3FE0,2D,5,E499EADC,FFFFF5B6,75,1
A 0
1A,FFFFE5,3110,29,7,24917C2ED3,1,1,0
FFFFB9,FFFFC9,3644,29,4,5D77CBA52D,0,76,1
T
FFFFF7,D,D62,30,B,526854F96,FFFFFFC0,1,0
5,FFFFFF,13DE,2B,8,E231275C3,FFFFF423,76,1
A 1
1A,FFFFE5,3110,29,7,24917C2ED3,1,1,0
FFFFC2,32,2BC2,2F,9,5D96442C96,0,77,1
T
FFFFF7,D,D62,30,B,526854F96,FFFFFFC0,1,0
12,42,312A,2E,5,E418B014E,FFFFF5FF,77,1
A 0
1A,FFFFE5,3110,29,7,24917C2ED3,1,1,0
8,17,2A3A,2C,B,5DB4BCB5DE,0,78,1
T
FFFFF7,D,D62,30,B,526854F96,FFFFFFC0,1,0
2D,C,3B38,2A,10,E60038D8F,FFFFF355,78,1
A 1
1A,FFFFE5,3110,29,7,24917C2ED3,1,1,0
FFFFF8,28,F28,2A,6,5DD3353F54,0,79,1
T
FFFFF7,D,D62,30,B,526854F96,FFFFFFC0,1,0
3A,31,A7A,27,3,E7E7C194C,FFFFF58E,79,1
A 0
1A,FFFFE5,3110,29,7,24917C2ED3,1,1,0
FFFFB2,FFFFDE,C30,2F,D,5DF1ADC6A6,0,80,1
T
FFFFF7,D,D62,30,B,526854F96,FFFFFFC0,1,0
30,B,1634,2F,14,E9CF4A366,FFFFF47E,80,1
A 1
1A,FFFFE5,3110,29,7,24917C2ED3,1,1,0
E,FFFFF8,F36,29,6,5E1026501A,0,81,1
T
FFFFF7,D,D62,30,B,526854F96,FFFFFFC0,1,0
14,FFFFF5,3398,2A,4,EBB6D3141,FFFFF5C3,81,1
A 0
1A,FFFFE5,3110,29,7,24917C2ED3,1,1,0
11,FFFFE2,38B8,29,A,5E2E9ED976,0,82,1
T
FFFFF7,D,D62,30,B,526854F96,FFFFFFC0,1,0
8,10,3F68,29,E,ED9E5BB3A,FFFFF377,82,1
A 1
1A,FFFFE5,3110,29,7,24917C2ED3,1,1,0
5C,A,35C0,2A,6,5E4D1760EA,0,83,1
T
FFFFF7,D,D62,30,B,526854F96,FFFFFFC0,1,0
FFFFF3,FFFFFD,FF8,2C,5,EF85E4711,FFFFF5BD,83,1
A 0
1A,FFFFE5,3110,29,7,24917C2ED3,1,1,0
4,FFFFE5,293C,2A,A,5E6B8FE830,0,84,1
T
FFFFF7,D,D62,30,B,526854F96,FFFFFFC0,1,0
FFFFF7,FFFFFB,274E,2B,10,F16D6D111,FFFFF3AF,84,1
A 1
1A,FFFFE5,3110,29,7,24917C2ED3,1,1,0
FFFFC1,FFFFC0,3D78,2A,7,5E8A0871BA,0,85,1
T
FFFFF7,D,D62,30,B,526854F96,FFFFFFC0,1,0
FFFFF4,FFFFF5,3930,2B,4,F354F5BFE,FFFFF588,85,1
A 0
1A,FFFFE5,3110,29,7,24917C2ED3,1,1,0
FFFFCC,FFFFAC,314A,2B,B,5EA880F8FD,0,86,1
T
FFFFF7,D,D62,30,B,526854F96,FFFFFFC0,1,0
21,2E,9BA,2A,10,F53C7E6DB,FFFFF3A9,86,1
A 1
1A,FFFFE5,3110,29,7,24917C2ED3,1,1,0
14,15,1592,2E,9,5EC6F98077,0,87,1
T
FFFFF7,D,D62,30,B,526854F96,FFFFFFC0,1,0
1A,D,1854,2E,5,F724071CA,FFFFF599,87,1
A 0
1A,FFFFE5,3110,29,7,24917C2ED3,1,1,0
FFFFFF,FFFFEF,39D4,2F,D,5EE57209C7,0,88,1
T
FFFFF7,D,D62,30,B,526854F96,FFFFFFC0,1,0
FFFFF5,E,3724,30,16,F90B8FEC0,FFFFF3FF,88,1
A 1
1A,FFFFE5,3110,29,7,24917C2ED3,1,1,0
FFFFCA,FFFFB5,110C,28,5,5F3EA933A,0,89,1
T
FFFFF7,D,D62,30,B,526854F96,FFFFFFC0,1,0
22,2D,2C9A,2C,4,FAF3189A9,FFFFF5A2,89,1
A 0
1A,FFFFE5,3110,29,7,24917C2ED3,1,1,0
FFFFD3,FFFFE3,11A8,2D,7,5F22631A93,0,90,1
T
FFFFF7,D,D62,30,B,526854F96,FFFFFFC0,1,0
1E,FFFFEF,1386,2C,11,FCDAA148A,FFFFF373,90,1
A 1
1A,FFFFE5,3110,29,7,24917C2ED3,1,1,0
FFFFEE,FFFFD9,F38,2F,8,5F40DBA401,0,91,1
T
FFFFF7,D,D62,30,B,526854F96,FFFFFFC0,1,0
FFFFF3,FFFFF2,343E,2B,4,FEC22A16F,FFFFF5AB,91,1
A 0
1A,FFFFE5,3110,29,7,24917C2ED3,1,1,0
FFFFF5,FFFFCF,3C82,2E,C,5F5F542D4C,0,92,1
T
FFFFF7,D,D62,30,B,526854F96,FFFFFFC0,1,0
FFFFFE,2,A1A,2A,F,10A9B2C5E,FFFFF38D,92,1
A 1
1A,FFFFE5,3110,29,7,24917C2ED3,1,1,0
33,0,2E36,2D,8,5F7DCCB4C1,0,93,1
T
FFFFF7,D,D62,30,B,526854F96,FFFFFFC0,1,0
FFFFD2,FFFFF1,2BFE,2E,5,102913B754,FFFFF5EC,93,1
A 0
1A,FFFFE5,3110,29,7,24917C2ED3,1,1,0
FFFFDD,FFFFD3,15E4,2D,7,5F9C453E15,0,94,1
T
FFFFF7,D,D62,30,B,526854F96,FFFFFFC0,1,0
19,19,3E52,2D,12,10478C4439,FFFFF472,94,1
A 1
1A,FFFFE5,3110,29,7,24917C2ED3,1,1,0
15,13,438,2B,6,5FBABDC783,0,95,1
T
FFFFF7,D,D62,30,B,526854F96,FFFFFFC0,1,0
A,7,3F12,2A,4,106604CFED,FFFFF5C9,95,1
A 0
1A,FFFFE5,3110,29,7,24917C2ED3,1,1,0
B,35,38D4,2C,6,5FD9364EE2,0,96,1
T
FFFFF7,D,D62,30,B,526854F96,FFFFFFC0,1,0
1B,14,3102,2F,15,10847D5A11,FFFFF37D,96,1
A 1
1A,FFFFE5,3110,29,7,24917C2ED3,1,1,0
FFFFFF,FFFFFC,3D64,2C,7,5FF7AED848,0,97,1
T
FFFFF7,D,D62,30,B,526854F96,FFFFFFC0,1,0
E,12,9A6,2A,4,10A2F5E7C2,FFFFF640,97,1
A 0
1A,FFFFE5,3110,29,7,24917C2ED3,1,1,0
FFFFF7,32,12F6,2A,A,6016276198,0,98,1
T
FFFFF7,D,D62,30,B,526854F96,FFFFFFC0,1,0
9,FFFFF3,1680,2B,8,10C16E71E8,FFFFF3E1,98,1
A 1
1A,FFFFE5,3110,29,7,24917C2ED3,1,1,0
FFFFED,FFFFEB,158A,29,6,60349FE90F,0,99,1
T
FFFFF7,D,D62,30,B,526854F96,FFFFFFC0,1,0
1,3,C5A,2C,5,10DFE6FCAA,FFFFF58B,99,1
A 0
1A,FFFFE5,3110,29,7,24917C2ED3,1,1,0
FFFFDB,FFFFF5,3AE2,2E,6,605318706C,0,100,1
T
FFFFF7,D,D62,30,B,526854F96,FFFFFFC0,1,0
41,4,5B6,2C,8,10FE5F87C9,FFFFF41E,100,1
A 1
1A,FFFFE5,3110,29,7,24917C2ED3,1,1,0
22,2A,37D4,2C,7,607190F9CE,0,101,1
T
FFFFF7,D,D62,30,B,526854F96,FFFFFFC0,1,0
E,FFFFEF,460,2B,5,111CD81582,FFFFF5C0,101,1
A 0
1A,FFFFE5,3110,29,7,24917C2ED3,1,1,0
FFFFFA,FFFFFE,29F2,2A,A,6090098318,0,102,1
T
FFFFF7,D,D62,30,B,526854F96,FFFFFFC0,1,0
7,FFFFF3,3ACC,2B,10,113B509F93,FFFFF428,102,1
A 1
1A,FFFFE5,3110,29,7,24917C2ED3,1,1,0
FFFFFC,4,14B8,30,9,60AE820A8F,0,103,1
T
FFFFF7,D,D62,30,B,526854F96,FFFFFFC0,1,0
30,14,A04,2B,5,1159C92A7F,FFFFF5E2,103,1
A 0
1A,FFFFE5,3110,29,7,24917C2ED3,1,1,0
B,6,606,2C,C,60CCFA93E5,0,104,1
T
FFFFF7,D,D62,30,B,526854F96,FFFFFFC0,1,0
FFFFFC,18,30E4,2F,13,117841B768,FFFFF3E2,104,1
A 1
1A,FFFFE5,3110,29,7,24917C2ED3,1,1,0
1,FFFFD4,FE2,2A,6,60EB731D4E,0,105,1
T
FFFFF7,D,D62,30,B,526854F96,FFFFFFC0,1,0
FFFFF6,26,2E9E,29,4,1196BA42FC,FFFFF5EE,105,1
A 0
1A,FFFFE5,3110,29,7,24917C2ED3,1,1,0
1E,2D,28CE,2F,D,619EBA4A2,0,106,1
T
FFFFF7,D,D62,30,B,526854F96,FFFFFFC0,1,0
16,26,2A1C,2F,14,11B532CD46,FFFFF47A,106,1
A 1
1A,FFFFE5,3110,29,7,24917C2ED3,1,1,0
FFFFBD,FFFFB2,61E,2E,8,6128642E20,0,107,1
T
FFFFF7,D,D62,30,B,526854F96,FFFFFFC0,1,0
FFFFF6,B,16AC,2E,5,11D3AB5AEB,FFFFF573,107,1
A 0
1A,FFFFE5,3110,29,7,24917C2ED3,1,1,0
FFFFF8,FFFFFC,1A6,29,A,6146DCB765,0,108,1
T
FFFFF7,D,D62,30,B,526854F96,FFFFFFC0,1,0
FFFFE7,6,16AA,30,15,11F223E517,FFFFF352,108,1
A 1
1A,FFFFE5,3110,29,7,24917C2ED3,1,1,0
1A,27,18EA,2B,7,6165553ED9,0,109,1
T
FFFFF7,D,D62,30,B,526854F96,FFFFFFC0,1,0
FFFFD9,2,2EEC,2B,4,12109C6FEA,FFFFF56A,109,1
A 0
1A,FFFFE5,3110,29,7,24917C2ED3,1,1,0
21,2B,22E,31,E,6183CDC82A,0,110,1
T
FFFFF7,D,D62,30,B,526854F96,FFFFFFC0,1,0
F,5,E4A,2A,E,122F14FCE8,FFFFF381,110,1
A 1
1A,FFFFE5,3110,29,7,24917C2ED3,1,1,0
5E,15,1582,2A,7,61A24651A7,0,111,1
T
FFFFF7,D,D62,30,B,526854F96,FFFFFFC0,1,0
4,FFFFF8,3F0,2E,5,124D8D87D2,FFFFF5E3,111,1
A 0
1A,FFFFE5,3110,29,7,24917C2ED3,1,1,0
21,FFFFF4,15DC,2D,C,61C0BED8EF,0,112,1
T
FFFFF7,D,D62,30,B,526854F96,FFFFFFC0,1,0
1E,FFFFFE,BC2,2F,15,126C0612CE,FFFFF388,112,1
A 1
1A,FFFFE5,3110,29,7,24917C2ED3,1,1,0
FFFFF9,FFFFF1,1226,28,6,61DF37626A,0,113,1
T
FFFFF7,D,D62,30,B,526854F96,FFFFFFC0,1,0
17,25,3C98,2E,5,128A7E9F8F,FFFFF5A0,113,1
A 0
1A,FFFFE5,3110,29,7,24917C2ED3,1,1,0
46,5B,182C,2A,A,61FDAFEBB5,0,114,1
T
FFFFF7,D,D62,30,B,526854F96,FFFFFFC0,1,0
19,18,3A4,29,E,12A8F72A94,FFFFF3DF,114,1
A 1
1A,FFFFE5,3110,29,7,24917C2ED3,1,1,0
FFFFEC,43,30D2,2D,8,621C287327,0,115,1
T
FFFFF7,D,D62,30,B,526854F96,FFFFFFC0,1,0
30,A,3252,2E,5,12C76FB587,FFFFF59F,115,1
A 0
1A,FFFFE5,3110,29,7,24917C2ED3,1,1,0
FFFFFC,FFFFC7,182,2E,7,623AA0FA84,0,116,1
T
FFFFF7,D,D62,30,B,526854F96,FFFFFFC0,1,0
FFFFE4,FFFFD6,3D00,2A,F,12E5E84075,FFFFF34B,116,1
A 1
1A,FFFFE5,3110,29,7,24917C2ED3,1,1,0
1F,FFFFE3,724,2B,7,62591983FA,0,117,1
T
FFFFF7,D,D62,30,B,526854F96,FFFFFFC0,1,0
4,16,87E,2B,4,13460CE31,FFFFF603,117,1
A 0
1A,FFFFE5,3110,29,7,24917C2ED3,1,1,0
C,FFFFF5,179C,2B,B,6277920D3E,0,118,1
T
FFFFF7,D,D62,30,B,526854F96,FFFFFFC0,1,0
FFFFE5,0,3AF4,29,F,1322D95847,FFFFF3F2,118,1
A 1
1A,FFFFE5,3110,29,7,24917C2ED3,1,1,0
FFFFC9,FFFFE0,2786,2E,8,62960A94B7,0,119,1
T
FFFFF7,D,D62,30,B,526854F96,FFFFFFC0,1,0
1D,1B,3F2A,2F,5,134151E35F,FFFFF5E6,119,1
A 0
1A,FFFFE5,3110,29,7,24917C2ED3,1,1,0
E,42,3DF6,30,6,62B4831E13,0,120,1
T
FFFFF7,D,D62,30,B,526854F96,FFFFFFC0,1,0
2A,10,3090,30,15,135FCA701E,FFFFF45E,120,1
A 1
1A,FFFFE5,3110,29,7,24917C2ED3,1,1,0
FFFFEF,FFFFF0,3FF2,29,6,62D2FBA77B,0,121,1
T
FFFFF7,D,D62,30,B,526854F96,FFFFFFC0,1,0
1A,3B,D78,2F,5,137E42FBD1,FFFFF5D5,121,1
A 0
1A,FFFFE5,3110,29,7,24917C2ED3,1,1,0
FFFFF6,3E,3E4,2A,6,62F1742ED1,0,122,1
T
FFFFF7,D,D62,30,B,526854F96,FFFFFFC0,1,0
B,2B,13FE,2F,9,139CBB8603,FFFFF3BD,122,1
A 1
1A,FFFFE5,3110,29,7,24917C2ED3,1,1,0
6,1C,16FC,2F,8,63FECB83F,0,123,1
T
FFFFF7,D,D62,30,B,526854F96,FFFFFFC0,1,0
7,FFFFEA,146,2D,5,13BB3413A5,FFFFF5D1,123,1
A 0
1A,FFFFE5,3110,29,7,24917C2ED3,1,1,0
FFFFF7,FFFFD4,564,30,8,632E654198,0,124,1
T
FFFFF7,D,D62,30,B,526854F96,FFFFFFC0,1,0
2F,2,46C,2F,A,13D9AC9DC8,FFFFF3F4,124,1
A 1
1A,FFFFE5,3110,29,7,24917C2ED3,1,1,0
3F,12,3A8A,2A,7,634CDDC908,0,125,1
T
FFFFF7,D,D62,30,B,526854F96,FFFFFFC0,1,0
FFFFFB,FFFFEC,1010,2C,4,13F8252989,FFFFF5B3,125,1
A 0
1A,FFFFE5,3110,29,7,24917C2ED3,1,1,0
9,FFFFE4,2EC2,29,5,636B56505E,0,126,1
T
FFFFF7,D,D62,30,B,526854F96,FFFFFFC0,1,0
FFFFFB,24,714,2B,F,14169DB3A0,FFFFF510,126,1
A 1
1A,FFFFE5,3110,29,7,24917C2ED3,1,1,0
47,3D,31CA,2D,7,6389CED9C4,0,127,1
T
FFFFF7,D,D62,30,B,526854F96,FFFFFFC0,1,0
14,FFFFF6,3428,2D,5,1435164132,FFFFF5A6,127,1
A 0
1A,FFFFE5,3110,29,7,24917C2ED3,1,1,0
FFFFCC,1,464,2F,6,63A8476323,0,128,1
T
FFFFF7,D,D62,30,B,526854F96,FFFFFFC0,1,0
FFFFD8,FFFFF3,3C94,2E,14,14538ECB77,FFFFF25C,128,1
A 1
1A,FFFFE5,3110,29,7,24917C2ED3,1,1,0
41,FFFFED,83C,29,6,63C6BFEA88,0,129,1
T
FFFFF7,D,D62,30,B,526854F96,FFFFFFC0,1,0
FFFFFC,FFFFFD,14F4,27,3,1472075741,FFFFF566,129,1
A 0
1A,FFFFE5,3110,29,7,24917C2ED3,1,1,0
FFFFEB,F,2E22,31,9,63E53873E6,0,130,1
T
FFFFF7,D,D62,30,B,526854F96,FFFFFFC0,1,0
FFFFF1,FFFFF8,36A8,2C,11,14907FE352,FFFFF3FE,130,1
A 1
1A,FFFFE5,3110,29,7,24917C2ED3,1,1,0
FFFFF6,FFFFE4,586,29,6,643B0FD4A,0,131,1
T
FFFFF7,D,D62,30,B,526854F96,FFFFFFC0,1,0
0,8,C82,2C,5,14AEF86EF9,FFFFF58B,131,1
A 0
1A,FFFFE5,3110,29,7,24917C2ED3,1,1,0
FFFFF9,8,F50,31,7,64222984B9,0,132,1
T
FFFFF7,D,D62,30,B,526854F96,FFFFFFC0,1,0
16,FFFFDA,28BC,2E,13,14CD70F92C,FFFFF3FB,132,1
A 1
1A,FFFFE5,3110,29,7,24917C2ED3,1,1,0
39,12,3094,2C,7,6440A20E0C,0,133,1
T
FFFFF7,D,D62,30,B,526854F96,FFFFFFC0,1,0
1E,4,10DC,28,3,14EBE9861E,FFFFF5F8,133,1
A 0
1A,FFFFE5,3110,29,7,24917C2ED3,1,1,0
FFFFFD,7,0,2E,D,645F1A975C,0,134,1
T
FFFFF7,D,D62,30,B,526854F96,FFFFFFC0,1,0
FFFFEB,FFFFEE,148C,28,E,15A6210F9,FFFFF371,134,1
A 1
1A,FFFFE5,3110,29,7,24917C2ED3,1,1,0
FFFFCC,FFFFE9,10DE,28,6,647D931ED0,0,135,1
T
FFFFF7,D,D62,30,B,526854F96,FFFFFFC0,1,0
FFFFE8,8,A5C,2B,4,1528DA9C04,FFFFF5DD,135,1
A 0
1A,FFFFE5,3110,29,7,24917C2ED3,1,1,0
FFFFD0,FFFFEC,31F6,2A,A,649C0BA822,0,136,1
T
FFFFF7,D,D62,30,B,526854F96,FFFFFFC0,1,0
FFFFE0,FFFFF4,896,2D,13,15475328CD,FFFFF486,136,1
A 1
1A,FFFFE5,3110,29,7,24917C2ED3,1,1,0
33,34,12CC,2B,7,64BA84319C,0,137,1
T
FFFFF7,D,D62,30,B,526854F96,FFFFFFC0,1,0
A,2C,16C2,2F,6,1565CBB3C5,FFFFF5DE,137,1
A 0
1A,FFFFE5,3110,29,7,24917C2ED3,1,1,0
FFFFEE,29,3B8A,2D,C,64D8FCB8E5,0,138,1
T
FFFFF7,D,D62,30,B,526854F96,FFFFFFC0,1,0
D,9,404,2C,11,1584443EA4,FFFFF337,138,1
A 1
1A,FFFFE5,3110,29,7,24917C2ED3,1,1,0
FFFFDF,FFFFDB,3BF4,2F,9,64F7754268,0,139,1
T
FFFFF7,D,D62,30,B,526854F96,FFFFFFC0,1,0
FFFFF9,FFFFF5,337E,2A,4,15A2BCCB83,FFFFF605,139,1
A 0
1A,FFFFE5,3110,29,7,24917C2ED3,1,1,0
FFFFC1,FFFF9A,24E,2F,D,6515EDCBB4,0,140,1
T
FFFFF7,D,D62,30,B,526854F96,FFFFFFC0,1,0
16,FFFFEF,3D7E,2A,F,15C135568D,FFFFF3E1,140,1
A 1
1A,FFFFE5,3110,29,7,24917C2ED3,1,1,0
FFFFF8,FFFFFB,163C,2B,7,6534665322,0,141,1
T
FFFFF7,D,D62,30,B,526854F96,FFFFFFC0,1,0
FFFFFC,FFFFFC,2B5E,2C,4,15DFADE17F,FFFFF653,141,1
A 0
1A,FFFFE5,3110,29,7,24917C2ED3,1,1,0
13,24,391C,2F,D,6552DEDA7F,0,142,1
T
FFFFF7,D,D62,30,B,526854F96,FFFFFFC0,1,0
FFFFD5,FFFFDF,3328,2C,10,15FE266C52,FFFFF437,142,1
A 1
1A,FFFFE5,3110,29,7,24917C2ED3,1,1,0
8,FFFFFF,7D4,2A,7,65715763F4,0,143,1
T
FFFFF7,D,D62,30,B,526854F96,FFFFFFC0,1,0
6,3,185E,2B,4,161C9EFA20,FFFFF547,143,1
A 0
1A,FFFFE5,3110,29,7,24917C2ED3,1,1,0
FFFFED,FFFFC5,3050,2C,B,658FCFED42,0,144,1
T
FFFFF7,D,D62,30,B,526854F96,FFFFFFC0,1,0
1B,1A,2874,29,D,163B178425,FFFFF232,144,1
A 1
1A,FFFFE5,3110,29,7,24917C2ED3,1,1,0
53,FFFFFF,CC2,29,6,65AE4874BA,0,145,1
T
FFFFF7,D,D62,30,B,526854F96,FFFFFFC0,1,0
FFFFDE,2F,D46,28,4,1659900F54,FFFFF5B4,145,1
A 0
1A,FFFFE5,3110,29,7,24917C2ED3,1,1,0
FFFFCF,FFFFC4,121E,2A,5,65CCC0FE1B,0,146,1
T
FFFFF7,D,D62,30,B,526854F96,FFFFFFC0,1,0
FFFFE8,21,1164,2A,F,1678089C06,FFFFF422,146,1
A 1
1A,FFFFE5,3110,29,7,24917C2ED3,1,1,0
72,3,1166,2F,9,65EB398785,0,147,1
T
FFFFF7,D,D62,30,B,526854F96,FFFFFFC0,1,0
12,FFFFE7,2F94,2B,4,16968127A8,FFFFF68A,147,1
A 0
1A,FFFFE5,3110,29,7,24917C2ED3,1,1,0
FFFFEC,17,448,29,5,669B20EE2,0,148,1
T
FFFFF7,D,D62,30,B,526854F96,FFFFFFC0,1,0
2A,FFFFFD,674,2D,9,16B4F9B1D2,FFFFF324,148,1
A 1
1A,FFFFE5,3110,29,7,24917C2ED3,1,1,0
2,39,1410,2E,8,66282A9843,0,149,1
T
FFFFF7,D,D62,30,B,526854F96,FFFFFFC0,1,0
25,33,91E,2B,5,16D3723EBE,FFFFF59C,149,1
A 0
1A,FFFFE5,3110,29,7,24917C2ED3,1,1,0
7,30,F00,30,6,6646A321AC,0,150,1
T
FFFFF7,D,D62,30,B,526854F96,FFFFFFC0,1,0
2,D,388E,2D,8,16F1EAC9B7,FFFFF397,150,1
A 1
1A,FFFFE5,3110,29,7,24917C2ED3,1,1,0
1A,16,27D6,2D,7,66651BA907,0,151,1
T
FFFFF7,D,D62,30,B,526854F96,FFFFFFC0,1,0
21,2A,2EB0,2E,4,1710635543,FFFFF63D,151,1
A 0
1A,FFFFE5,3110,29,7,24917C2ED3,1,1,0
19,FFFFF3,2A0C,31,E,6683943059,0,152,1
T
FFFFF7,D,D62,30,B,526854F96,FFFFFFC0,1,0
16,FFFFE6,2996,2E,13,172EDBDF88,FFFFF440,152,1
A 1
1A,FFFFE5,3110,29,7,24917C2ED3,1,1,0
3D,59,2D3A,2D,8,66A20CB9CA,0,153,1
T
FFFFF7,D,D62,30,B,526854F96,FFFFFFC0,1,0
6,3,3640,29,3,174D546D47,FFFFF616,153,1
A 0
1A,FFFFE5,3110,29,7,24917C2ED3,1,1,0
0,28,F5E,30,E,66C085431E,0,154,1
T
FFFFF7,D,D62,30,B,526854F96,FFFFFFC0,1,0
1B,6,174A,28,E,176BCCF759,FFFFF46C,154,1
A 1
1A,FFFFE5,3110,29,7,24917C2ED3,1,1,0
FFFFD0,17,326A,2A,7,66DEFDCA90,0,155,1
T
FFFFF7,D,D62,30,B,526854F96,FFFFFFC0,1,0
FFFFF1,FFFFE6,50E,28,4,178A4582F9,FFFFF595,155,1
A 0
1A,FFFFE5,3110,29,7,24917C2ED3,1,1,0
12,7,270,2E,C,66FD7653E6,0,156,1
T
FFFFF7,D,D62,30,B,526854F96,FFFFFFC0,1,0
FFFFEE,10,8DA,2E,12,17A8BE0F34,FFFFF40D,156,1
A 1
1A,FFFFE5,3110,29,7,24917C2ED3,1,1,0
FFFFF1,FFFFF9,3BE2,2C,7,671BEEDD58,0,157,1
T
FFFFF7,D,D62,30,B,526854F96,FFFFFFC0,1,0
FFFFEF,11,1098,2B,4,17C7369AF6,FFFFF662,157,1
A 0
1A,FFFFE5,3110,29,7,24917C2ED3,1,1,0
1B,FFFFFE,3B40,2E,D,673A6764A4,0,158,1
T
FFFFF7,D,D62,30,B,526854F96,FFFFFFC0,1,0
FFFFFE,FFFFE1,EE,2F,15,17E5AF2511,FFFFF354,158,1
A 1
1A,FFFFE5,3110,29,7,24917C2ED3,1,1,0
31,FFFFF7,3DEC,2A,6,6758DFEE1C,0,159,1
T
FFFFF7,D,D62,30,B,526854F96,FFFFFFC0,1,0
E,FFFFE8,2D1C,2B,4,18427B1E7,FFFFF552,159,1
A 0
1A,FFFFE5,3110,29,7,24917C2ED3,1,1,0
1D,17,175C,2B,B,6777587769,0,160,1
T
FFFFF7,D,D62,30,B,526854F96,FFFFFFC0,1,0
2,C,408,2D,12,1822A03CE5,FFFFF3E3,160,1
A 1
1A,FFFFE5,3110,29,7,24917C2ED3,1,1,0
37,28,3D3A,2F,9,6795D0FEEF,0,161,1
T
FFFFF7,D,D62,30,B,526854F96,FFFFFFC0,1,0
FFFFF8,FFFFFD,B5C,29,3,184118C8AD,FFFFF591,161,1
A 0
1A,FFFFE5,3110,29,7,24917C2ED3,1,1,0
10,15,20,30,E,67B449882D,0,162,1
T
FFFFF7,D,D62,30,B,526854F96,FFFFFFC0,1,0
4,28,2DC,2E,13,185F9154C9,FFFFF482,162,1
A 1
1A,FFFFE5,3110,29,7,24917C2ED3,1,1,0
58,41,14A2,2B,7,67D2C211A7,0,163,1
T
FFFFF7,D,D62,30,B,526854F96,FFFFFFC0,1,0
FFFFE4,FFFFE8,3E26,2F,5,187E09DF93,FFFFF639,163,1
A 0
1A,FFFFE5,3110,29,7,24917C2ED3,1,1,0
FFFFFC,6D,596,2E,D,67F13A98F0,0,164,1
T
FFFFF7,D,D62,30,B,526854F96,FFFFFFC0,1,0
37,23,3F18,2A,10,189C826A90,FFFFF2F4,164,1
A 1
1A,FFFFE5,3110,29,7,24917C2ED3,1,1,0
FFFFE5,4,3BB8,2A,6,68FB32070,0,165,1
T
FFFFF7,D,D62,30,B,526854F96,FFFFFFC0,1,0
23,52,36E4,28,3,18BAFAF58B,FFFFF628,165,1
A 0
1A,FFFFE5,3110,29,7,24917C2ED3,1,1,0
0,1F,B22,2B,B,682E2BA9BC,0,166,1
T
FFFFF7,D,D62,30,B,526854F96,FFFFFFC0,1,0
FFFFE8,FFFFFC,38A6,2E,12,18D9738066,FFFFF405,166,1
A 1
1A,FFFFE5,3110,29,7,24917C2ED3,1,1,0
1F,1E,3C20,29,6,684CA43136,0,167,1
T
FFFFF7,D,D62,30,B,526854F96,FFFFFFC0,1,0
1F,FFFFF2,720,27,3,18F7EC0B68,FFFFF58E,167,1
A 0
1A,FFFFE5,3110,29,7,24917C2ED3,1,1,0
2,0,37DC,2B,7,686B1CB891,0,168,1
T
FFFFF7,D,D62,30,B,526854F96,FFFFFFC0,1,0
24,15,3638,2C,10,1916649644,FFFFF37F,168,1
A 1
1A,FFFFE5,3110,29,7,24917C2ED3,1,1,0
1F,3,12CE,28,6,68899541FA,0,169,1
T
FFFFF7,D,D62,30,B,526854F96,FFFFFFC0,1,0
A,FFFFF4,2E82,29,3,1934DD23F9,FFFFF5D8,169,1
A 0
1A,FFFFE5,3110,29,7,24917C2ED3,1,1,0
A,FFFFF9,3F0A,2A,A,68A80DCB47,0,170,1
T
FFFFF7,D,D62,30,B,526854F96,FFFFFFC0,1,0
23,F,2BBA,2C,11,195355AE10,FFFFF385,170,1
A 1
1A,FFFFE5,3110,29,7,24917C2ED3,1,1,0
FFFFCC,FFFFFF,124E,2E,9,68C68652C3,0,171,1
T
FFFFF7,D,D62,30,B,526854F96,FFFFFFC0,1,0
18,FFFFFF,3A6C,2A,4,1971CE3930,FFFFF632,171,1
A 0
1A,FFFFE5,3110,29,7,24917C2ED3,1,1,0
FFFFBE,FFFFD0,2942,2F,7,68E4FEDC1E,0,172,1
T
FFFFF7,D,D62,30,B,526854F96,FFFFFFC0,1,0
FFFFE9,26,17BA,28,6,199046C5F3,FFFFF289,172,1
A 1
1A,FFFFE5,3110,29,7,24917C2ED3,1,1,0
FFFFDE,4,39F4,29,6,693776589,0,173,1
T
FFFFF7,D,D62,30,B,526854F96,FFFFFFC0,1,0
FFFFED,FFFFC9,1024,2A,4,19AEBF51BA,FFFFF5D9,173,1
A 0
1A,FFFFE5,3110,29,7,24917C2ED3,1,1,0
FFFFF9,8,3160,2F,6,6921EFECDB,0,174,1
T
FFFFF7,D,D62,30,B,526854F96,FFFFFFC0,1,0
FFFFF8,FFFFF2,1236,2B,8,19CD37DBCE,FFFFF44B,174,1
A 1
1A,FFFFE5,3110,29,7,24917C2ED3,1,1,0
2C,16,1626,2D,8,6940687645,0,175,1
T
FFFFF7,D,D62,30,B,526854F96,FFFFFFC0,1,0
B,FFFFF7,DE2,2E,5,19EBB06975,FFFFF600,175,1
A 0
1A,FFFFE5,3110,29,7,24917C2ED3,1,1,0
FFFFF6,A,125E,29,5,695EE0FFA9,0,176,1
T
FFFFF7,D,D62,30,B,526854F96,FFFFFFC0,1,0
C,16,131E,2F,14,1AA28F39D,FFFFF32B,176,1
A 1
1A,FFFFE5,3110,29,7,24917C2ED3,1,1,0
13,19,3C64,2F,9,697D598709,0,177,1
T
FFFFF7,D,D62,30,B,526854F96,FFFFFFC0,1,0
FFFFDC,19,2CB4,29,4,1A28A17E75,FFFFF5B7,177,1
A 0
1A,FFFFE5,3110,29,7,24917C2ED3,1,1,0
FFFFE3,9,3D2C,2D,6,699BD20E6F,0,178,1
T
FFFFF7,D,D62,30,B,526854F96,FFFFFFC0,1,0
FFFFD2,FFFFE5,29E2,2F,15,1A471A097D,FFFFF395,178,1
A 1
1A,FFFFE5,3110,29,7,24917C2ED3,1,1,0
FFFFF5,FFFFE0,1146,2A,7,69BA4A97CB,0,179,1
T
FFFFF7,D,D62,30,B,526854F96,FFFFFFC0,1,0
FFFFE9,1A,DA8,27,3,1A659296F7,FFFFF559,179,1
A 0
1A,FFFFE5,3110,29,7,24917C2ED3,1,1,0
FFFFEB,FFFFF4,27BE,2D,C,69D8C32119,0,180,1
T
FFFFF7,D,D62,30,B,526854F96,FFFFFFC0,1,0
FFFFF9,10,176C,2B,10,1A840B2148,FFFFF3EC,180,1
A 1
1A,FFFFE5,3110,29,7,24917C2ED3,1,1,0
25,3,1346,2C,7,69F73BA890,0,181,1
T
FFFFF7,D,D62,30,B,526854F96,FFFFFFC0,1,0
FFFFDC,11,9C4,2D,5,1AA283ACE8,FFFFF5A8,181,1
A 0
1A,FFFFE5,3110,29,7,24917C2ED3,1,1,0
FFFFF5,2A,8F6,29,A,6A15B431EA,0,182,1
T
FFFFF7,D,D62,30,B,526854F96,FFFFFFC0,1,0
E,17,28E0,2F,13,1AC0FC3926,FFFFF35F,182,1
A 1
1A,FFFFE5,3110,29,7,24917C2ED3,1,1,0
FFFFCD,FFFFDC,3AC6,28,5,6A342CBB50,0,183,1
T
FFFFF7,D,D62,30,B,526854F96,FFFFFFC0,1,0
15,1C,3C1C,2D,5,1ADF74C429,FFFFF58E,183,1
A 0
1A,FFFFE5,3110,29,7,24917C2ED3,1,1,0
2B,FFFFF0,34F4,2D,C,6A52A542A0,0,184,1
T
FFFFF7,D,D62,30,B,526854F96,FFFFFFC0,1,0
A,E,2EC0,28,E,1AFDED4EFF,FFFFF42C,184,1
A 1
1A,FFFFE5,3110,29,7,24917C2ED3,1,1,0
FFFFCE,FFFFFF,12EC,2B,6,6A711DCC17,0,185,1
T
FFFFF7,D,D62,30,B,526854F96,FFFFFFC0,1,0
2,FFFFF0,5AE,2D,5,1B1C65DCBB,FFFFF652,185,1
A 0
1A,FFFFE5,3110,29,7,24917C2ED3,1,1,0
2,FFFFDA,36C2,29,A,6A8F965565,0,186,1
T
FFFFF7,D,D62,30,B,526854F96,FFFFFFC0,1,0
16,FFFFFE,30AC,2D,12,1B3ADE66D8,FFFFF3AA,186,1
A 1
1A,FFFFE5,3110,29,7,24917C2ED3,1,1,0
58,3F,3ABA,2E,9,6AAE0EDCEB,0,187,1
T
FFFFF7,D,D62,30,B,526854F96,FFFFFFC0,1,0
FFFFF9,9,3EB2,29,4,1B5956F1D6,FFFFF5DB,187,1
A 0
1A,FFFFE5,3110,29,7,24917C2ED3,1,1,0
B,12,3FF8,2A,A,6ACC87662E,0,188,1
T
FFFFF7,D,D62,30,B,526854F96,FFFFFFC0,1,0
12,7,3090,2D,12,1B77CF7EAE,FFFFF3F0,188,1
A 1
1A,FFFFE5,3110,29,7,24917C2ED3,1,1,0
FFFFE1,FFFFB8,3C1A,28,6,6AEAFFEFAB,0,189,1
T
FFFFF7,D,D62,30,B,526854F96,FFFFFFC0,1,0
FFFFED,FFFFDC,25E,28,4,1B96480A7B,FFFFF509,189,1
A 0
1A,FFFFE5,3110,29,7,24917C2ED3,1,1,0
8,1,2D12,2F,D,6B97876F1,0,190,1
T
FFFFF7,D,D62,30,B,526854F96,FFFFFFC0,1,0
FFFFF5,8,3AD2,2E,14,1BB4C0948F,FFFFF3FB,190,1
A 1
1A,FFFFE5,3110,29,7,24917C2ED3,1,1,0
FFFFE8,FFFFFA,39E4,2E,9,6B27F0FE75,0,191,1
T
FFFFF7,D,D62,30,B,526854F96,FFFFFFC0,1,0
FFFFF7,3,2CDA,2B,4,1BD3392050,FFFFF631,191,1
A 0
1A,FFFFE5,3110,29,7,24917C2ED3,1,1,0
FFFFDA,FFFFE2,87C,2E,D,6B466987B7,0,192,1
T
FFFFF7,D,D62,30,B,526854F96,FFFFFFC0,1,0
FFFFAB,FFFFE8,3D12,2B,11,1BF1B1AA5B,FFFFF3CF,192,1
A 1
1A,FFFFE5,3110,29,7,24917C2ED3,1,1,0
FFFFE9,15,39F2,2F,9,6B64E20F41,0,193,1
T
FFFFF7,D,D62,30,B,526854F96,FFFFFFC0,1,0
FFFFEE,FFFFE7,2854,2E,6,1C102A354D,FFFFF659,193,1
A 0
1A,FFFFE5,3110,29,7,24917C2ED3,1,1,0
B,FFFFFA,3686,2C,7,6B835A9692,0,194,1
T
FFFFF7,D,D62,30,B,526854F96,FFFFFFC0,1,0
FFFFFD,FFFFF9,754,2B,10,1C2EA2C040,FFFFF2FB,194,1
A 1
1A,FFFFE5,3110,29,7,24917C2ED3,1,1,0
1,FFFFDE,13BC,2C,7,6BA1D31FFB,0,195,1
T
FFFFF7,D,D62,30,B,526854F96,FFFFFFC0,1,0
A,FFFFEF,142,2C,5,1C4D1B4D26,FFFFF53C,195,1
A 0
1A,FFFFE5,3110,29,7,24917C2ED3,1,1,0
E,FFFFDE,182C,29,9,6BC04BA947,0,196,1
T
FFFFF7,D,D62,30,B,526854F96,FFFFFFC0,1,0
FFFFD4,FFFFDA,69C,2D,12,1C6B93D80C,FFFFF47F,196,1
A 1
1A,FFFFE5,3110,29,7,24917C2ED3,1,1,0
15,FFFFDC,37B6,2F,9,6BDEC430C5,0,197,1
T
FFFFF7,D,D62,30,B,526854F96,FFFFFFC0,1,0
27,FFFFE0,28,2D,5,1C8A0C6304,FFFFF621,197,1
A 0
1A,FFFFE5,3110,29,7,24917C2ED3,1,1,0
6,FFFFE6,148,2A,5,6BFD3CBA24,0,198,1
T
FFFFF7,D,D62,30,B,526854F96,FFFFFFC0,1,0
5,FFFFFD,3C4,2E,9,1CA884EFEB,FFFFF400,198,1
A 1
1A,FFFFE5,3110,29,7,24917C2ED3,1,1,0
FFFFF7,13,3C54,2D,8,6C1BB54381,0,199,1
T
FFFFF7,D,D62,30,B,526854F96,FFFFFFC0,1,0
18,9,176,27,3,1CC6FD7BC2,FFFFF66A,199,1
A 0
1A,FFFFE5,3110,29,7,24917C2ED3,1,1,0
42,4C,DB0,2F,8,6C3A2DCAD8,0,200,1
T
FFFFF7,D,D62,30,B,526854F96,FFFFFFC0,1,0
FFFFFE,6,3D18,2B,7,1CE57605C6,FFFFF381,200,1
A 1
1A,FFFFE5,3110,29,7,24917C2ED3,1,1,0
FFFFEB,FFFFD4,3F02,2C,7,6C58A65448,0,201,1
T
FFFFF7,D,D62,30,B,526854F96,FFFFFFC0,1,0
1D,C,3266,28,4,1D3EE92B6,FFFFF6B0,201,1
A 0
1A,FFFFE5,3110,29,7,24917C2ED3,1,1,0
5C,57,189C,2F,D,6C771EDD95,0,202,1
T
FFFFF7,D,D62,30,B,526854F96,FFFFFFC0,1,0
FFFFEC,15,3AD2,2A,10,1D22671D95,FFFFF3F5,202,1
A 1
1A,FFFFE5,3110,29,7,24917C2ED3,1,1,0
C,7,1694,29,6,6C95976506,0,203,1
T
FFFFF7,D,D62,30,B,526854F96,FFFFFFC0,1,0
FFFFEC,FFFFDC,3640,2B,5,1D40DFA946,FFFFF5E8,203,1
A 0
1A,FFFFE5,3110,29,7,24917C2ED3,1,1,0
21,17,3CBA,2D,7,6CB40FEC68,0,204,1
T
FFFFF7,D,D62,30,B,526854F96,FFFFFFC0,1,0
20,FFFFF0,2C0,30,14,1D5F583376,FFFFF2F8,204,1
A 1
1A,FFFFE5,3110,29,7,24917C2ED3,1,1,0
11,34,3ABC,30,9,6CD28875D4,0,205,1
T
FFFFF7,D,D62,30,B,526854F96,FFFFFFC0,1,0
2B,59,2FC2,29,4,1D7DD0C04C,FFFFF5D5,205,1
A 0
1A,FFFFE5,3110,29,7,24917C2ED3,1,1,0
FFFFFB,27,98,2B,B,6CF100FF19,0,206,1
T
FFFFF7,D,D62,30,B,526854F96,FFFFFFC0,1,0
2,FFFFFA,6BE,29,F,1D9C494B4A,FFFFF331,206,1
A 1
1A,FFFFE5,3110,29,7,24917C2ED3,1,1,0
5,FFFFD4,3CE6,2B,7,6DF798694,0,207,1
T
FFFFF7,D,D62,30,B,526854F96,FFFFFFC0,1,0
FFFFF5,6,36B6,2A,4,1DBAC1D703,FFFFF5C3,207,1
A 0
1A,FFFFE5,3110,29,7,24917C2ED3,1,1,0
8,23,83C,2A,5,6D2DF20FFA,0,208,1
T
FFFFF7,D,D62,30,B,526854F96,FFFFFFC0,1,0
FFFFEE,FFFFFB,8B2,28,E,1DD93A631B,FFFFF3FC,208,1
A 1
1A,FFFFE5,3110,29,7,24917C2ED3,1,1,0
FFFFF3,FFFFE0,3C34,29,6,6D4C6A995F,0,209,1
T
FFFFF7,D,D62,30,B,526854F96,FFFFFFC0,1,0
9,FFFFFB,393A,2E,4,1DF7B2EEC0,FFFFF5FE,209,1
A 0
1A,FFFFE5,3110,29,7,24917C2ED3,1,1,0
20,44,3C9C,2E,6,6D6AE320C0,0,210,1
T
FFFFF7,D,D62,30,B,526854F96,FFFFFFC0,1,0
11,FFFFFD,B34,2F,15,1E162B78FC,FFFFF337,210,1
A 1
1A,FFFFE5,3110,29,7,24917C2ED3,1,1,0
FFFFFC,8,1774,2D,8,6D895BAA1A,0,211,1
T
FFFFF7,D,D62,30,B,526854F96,FFFFFFC0,1,0
4D,21,AC0,29,4,1E34A406C2,FFFFF544,211,1
A 0
1A,FFFFE5,3110,29,7,24917C2ED3,1,1,0
E,FFFFFD,183C,2A,A,6DA7D4336B,0,212,1
T
FFFFF7,D,D62,30,B,526854F96,FFFFFFC0,1,0
FFFFE1,A,972,29,F,1E531C90CF,FFFFF474,212,1
A 1
1A,FFFFE5,3110,29,7,24917C2ED3,1,1,0
16,23,3EEA,28,6,6DC64CBAEA,0,213,1
T
FFFFF7,D,D62,30,B,526854F96,FFFFFFC0,1,0
FFFFDD,FFFFE4,28FE,28,3,1E71951BC9,FFFFF5A6,213,1
A 0
1A,FFFFE5,3110,29,7,24917C2ED3,1,1,0
1E,21,614,2B,A,6DE4C54431,0,214,1
T
FFFFF7,D,D62,30,B,526854F96,FFFFFFC0,1,0
3,FFFFF1,896,2A,F,1E900DA8A3,FFFFF3CF,214,1
A 1
1A,FFFFE5,3110,29,7,24917C2ED3,1,1,0
FFFFEA,FFFFE3,3EFA,2A,7,6E33DCDAB,0,215,1
T
FFFFF7,D,D62,30,B,526854F96,FFFFFFC0,1,0
FFFFDA,FFFFDA,2DF2,28,4,1EAE863434,FFFFF60E,215,1
A 0
1A,FFFFE5,3110,29,7,24917C2ED3,1,1,0
FFFFC0,FFFFDD,302A,2F,D,6E21B654F4,0,216,1
T
FFFFF7,D,D62,30,B,526854F96,FFFFFFC0,1,0
1,A,BFA,2D,13,1ECCFEBE85,FFFFF405,216,1
A 1
1A,FFFFE5,3110,29,7,24917C2ED3,1,1,0
3,27,1784,2C,8,6E402EDC70,0,217,1
T
FFFFF7,D,D62,30,B,526854F96,FFFFFFC0,1,0
FFFFFA,FFFFE1,2786,2E,6,1EEB77497F,FFFFF57E,217,1
A 0
1A,FFFFE5,3110,29,7,24917C2ED3,1,1,0
18,1B,116E,2D,C,6E5EA765C4,0,218,1
T
FFFFF7,D,D62,30,B,526854F96,FFFFFFC0,1,0
40,17,1416,2D,11,1F9EFD65E,FFFFF3AB,218,1
A 1
1A,FFFFE5,3110,29,7,24917C2ED3,1,1,0
35,B,11DE,2F,9,6E7D1FEF41,0,219,1
T
FFFFF7,D,D62,30,B,526854F96,FFFFFFC0,1,0
FFFFDD,4,2998,2F,6,1F2868615B,FFFFF578,219,1
A 0
1A,FFFFE5,3110,29,7,24917C2ED3,1,1,0
21,FFFFFE,36EE,30,7,6E9B987695,0,220,1
T
FFFFF7,D,D62,30,B,526854F96,FFFFFFC0,1,0
FFFFF9,FFFFC9,26DE,29,E,1F46E0EC2C,FFFFF329,220,1
A 1
1A,FFFFE5,3110,29,7,24917C2ED3,1,1,0
2,FFFFDF,11BE,2C,7,6EBA10FFF9,0,221,1
T
FFFFF7,D,D62,30,B,526854F96,FFFFFFC0,1,0
15,A,30C6,28,3,1F6559793E,FFFFF60C,221,1
A 0
1A,FFFFE5,3110,29,7,24917C2ED3,1,1,0
FFFFF8,31,174C,2F,D,6ED8898947,0,222,1
T
FFFFF7,D,D62,30,B,526854F96,FFFFFFC0,1,0
29,2,2EBA,29,F,1F83D2040C,FFFFF40A,222,1
A 1
1A,FFFFE5,3110,29,7,24917C2ED3,1,1,0
FFFFE7,6,135C,2B,8,6EF70210C1,0,223,1
T
FFFFF7,D,D62,30,B,526854F96,FFFFFFC0,1,0
FFFFCB,22,1030,2C,4,1FA24A9004,FFFFF68C,223,1
A 0
1A,FFFFE5,3110,29,7,24917C2ED3,1,1,0
FFFFFC,FFFFFD,3E2A,2D,5,6F157A9A15,0,224,1
T
FFFFF7,D,D62,30,B,526854F96,FFFFFFC0,1,0
FFFFEC,FFFFDC,3536,2E,A,1FC0C31C01,FFFFF32B,224,1
A 1
1A,FFFFE5,3110,29,7,24917C2ED3,1,1,0
5A,12,CD2,2A,7,6F33F32380,0,225,1
T
FFFFF7,D,D62,30,B,526854F96,FFFFFFC0,1,0
2B,1D,375A,28,4,1FDF3BA7C1,FFFFF5EB,225,1
A 0
1A,FFFFE5,3110,29,7,24917C2ED3,1,1,0
2F,FFFFFA,12E,2D,6,6F526BAAE8,0,226,1
T
FFFFF7,D,D62,30,B,526854F96,FFFFFFC0,1,0
FFFFC5,FFFFAD,383E,2E,9,1FFDB431CB,FFFFF3EB,226,1
A 1
1A,FFFFE5,3110,29,7,24917C2ED3,1,1,0
1A,FFFFFD,DD2,2A,6,6F70E43441,0,227,1
T
FFFFF7,D,D62,30,B,526854F96,FFFFFFC0,1,0
FFFFC7,B,2D2C,2D,4,201C2CBEBA,FFFFF57F,227,1
A 0
1A,FFFFE5,3110,29,7,24917C2ED3,1,1,0
FFFFC4,16,CB8,2F,D,6F8F5CBD91,0,228,1
T
FFFFF7,D,D62,30,B,526854F96,FFFFFFC0,1,0
FFFFF5,FFFFEB,3BA4,30,14,203AA54999,FFFFF3DD,228,1
A 1
1A,FFFFE5,3110,29,7,24917C2ED3,1,1,0
25,2B,3A6A,2A,7,6FADD5450B,0,229,1
T
FFFFF7,D,D62,30,B,526854F96,FFFFFFC0,1,0
5,F,30F0,2C,4,20591DD498,FFFFF5AC,229,1
A 0
1A,FFFFE5,3110,29,7,24917C2ED3,1,1,0
FFFFF0,FFFFFC,3B7A,2E,6,6FCC4DCC6F,0,230,1
T
FFFFF7,D,D62,30,B,526854F96,FFFFFFC0,1,0
FFFFEE,5,3DDE,29,F,2077965F73,FFFFF2CA,230,1
A 1
1A,FFFFE5,3110,29,7,24917C2ED3,1,1,0
FFFFF3,A,1336,28,6,6FEAC655CE,0,231,1
T
FFFFF7,D,D62,30,B,526854F96,FFFFFFC0,1,0
0,FFFFFB,32B0,2A,4,20960EED44,FFFFF58E,231,1
A 0
1A,FFFFE5,3110,29,7,24917C2ED3,1,1,0
FFFFF2,11,206,2C,B,7093EDF1B,0,232,1
T
FFFFF7,D,D62,30,B,526854F96,FFFFFFC0,1,0
FFFFFD,13,F0,2A,F,20B4877745,FFFFF3F0,232,1
A 1
1A,FFFFE5,3110,29,7,24917C2ED3,1,1,0
50,FFFFD8,14CE,29,6,7027B7668F,0,233,1
T
FFFFF7,D,D62,30,B,526854F96,FFFFFFC0,1,0
FFFFF5,FFFFF4,339E,29,4,20D30002EF,FFFFF580,233,1
A 0
1A,FFFFE5,3110,29,7,24917C2ED3,1,1,0
9,FFFFE9,49E,2C,6,70462FEFFB,0,234,1
T
FFFFF7,D,D62,30,B,526854F96,FFFFFFC0,1,0
FFFFF9,1,4B8,28,E,20F1788F1A,FFFFF460,234,1
A 1
1A,FFFFE5,3110,29,7,24917C2ED3,1,1,0
3,FFFFCF,332A,2A,7,7064A8794E,0,235,1
T
FFFFF7,D,D62,30,B,526854F96,FFFFFFC0,1,0
FFFFFE,FFFFF3,37B0,2B,4,21FF11ABE,FFFFF5AD,235,1
A 0
1A,FFFFE5,3110,29,7,24917C2ED3,1,1,0
9,25,2B46,2D,C,70832100A8,0,236,1
T
FFFFF7,D,D62,30,B,526854F96,FFFFFFC0,1,0
17,FFFFF4,DC0,2D,13,212E69A502,FFFFF3A0,236,1
A 1
1A,FFFFE5,3110,29,7,24917C2ED3,1,1,0
FFFFF6,FFFFDE,BAA,28,6,70A1998A2A,0,237,1
T
FFFFF7,D,D62,30,B,526854F96,FFFFFFC0,1,0
4,8,3808,2B,4,214CE232BF,FFFFF5EB,237,1
A 0
1A,FFFFE5,3110,29,7,24917C2ED3,1,1,0
20,26,A44,29,5,70C0121382,0,238,1
T
FFFFF7,D,D62,30,B,526854F96,FFFFFFC0,1,0
FFFFFF,4,F46,28,D,216B5ABCD0,FFFFF46E,238,1
A 1
1A,FFFFE5,3110,29,7,24917C2ED3,1,1,0
5F,53,3370,2D,7,70DE8A9AE0,0,239,1
T
FFFFF7,D,D62,30,B,526854F96,FFFFFFC0,1,0
3C,24,3042,2D,5,2189D347BA,FFFFF566,239,1
A 0
1A,FFFFE5,3110,29,7,24917C2ED3,1,1,0
FFFFC1,FFFFB7,129E,2F,D,70FD032431,0,240,1
T
FFFFF7,D,D62,30,B,526854F96,FFFFFFC0,1,0
11,FFFFFB,190A,29,F,21A84BD4AA,FFFFF373,240,1
A 1
1A,FFFFE5,3110,29,7,24917C2ED3,1,1,0
FFFFC5,FFFFC0,362C,2B,7,711B7BADA2,0,241,1
T
FFFFF7,D,D62,30,B,526854F96,FFFFFFC0,1,0
21,FFFFD2,3124,29,4,21C6C45F8F,FFFFF5A3,241,1
A 0
1A,FFFFE5,3110,29,7,24917C2ED3,1,1,0
33,FFFFEC,2836,2D,C,7139F434F2,0,242,1
T
FFFFF7,D,D62,30,B,526854F96,FFFFFFC0,1,0
F,D,27F6,2F,14,21E53CEA8C,FFFFF33D,242,1
A 1
1A,FFFFE5,3110,29,7,24917C2ED3,1,1,0
FFFFC5,FFFFB4,3646,29,6,71586CBC71,0,243,1
T
FFFFF7,D,D62,30,B,526854F96,FFFFFFC0,1,0
FFFFEC,FFFFEC,F8E,28,4,223B5764B,FFFFF536,243,1
A 0
1A,FFFFE5,3110,29,7,24917C2ED3,1,1,0
FFFFB6,FFFFC1,8AA,2D,D,7176E545BA,0,244,1
T
FFFFF7,D,D62,30,B,526854F96,FFFFFFC0,1,0
26,12,2BFC,2C,10,22222E0055,FFFFF323,244,1
A 1
1A,FFFFE5,3110,29,7,24917C2ED3,1,1,0
A,32,3D84,2C,8,71955DCD38,0,245,1
T
FFFFF7,D,D62,30,B,526854F96,FFFFFFC0,1,0
FFFFEE,FFFFD5,3992,27,3,2240A68C26,FFFFF5EB,245,1
A 0
1A,FFFFE5,3110,29,7,24917C2ED3,1,1,0
11,D,1554,2A,A,71B3D65485,0,246,1
T
FFFFF7,D,D62,30,B,526854F96,FFFFFFC0,1,0
15,9,30C4,2D,9,225F1F1648,FFFFF4C0,246,1
A 1
1A,FFFFE5,3110,29,7,24917C2ED3,1,1,0
FFFFE6,36,3BAA,2E,9,71D24EDDF8,0,247,1
T
FFFFF7,D,D62,30,B,526854F96,FFFFFFC0,1,0
7,FFFFFE,345E,29,4,227D97A32C,FFFFF600,247,1
A 0
1A,FFFFE5,3110,29,7,24917C2ED3,1,1,0
C,FFFFFE,18DA,30,6,71F0C7675E,0,248,1
T
FFFFF7,D,D62,30,B,526854F96,FFFFFFC0,1,0
FFFFFE,FFFFC7,39BC,2F,14,229C102E12,FFFFF453,248,1
A 1
1A,FFFFE5,3110,29,7,24917C2ED3,1,1,0
31,12,3D3A,2C,7,72F3FEEBB,0,249,1
T
FFFFF7,D,D62,30,B,526854F96,FFFFFFC0,1,0
17,27,E06,28,3,22BA88B905,FFFFF585,249,1
A 0
1A,FFFFE5,3110,29,7,24917C2ED3,1,1,0
FFFFEE,FFFFF0,B1A,2D,C,722DB8780F,0,250,1
T
FFFFF7,D,D62,30,B,526854F96,FFFFFFC0,1,0
FFFFEE,FFFFEA,3B8A,2C,9,22D90145E4,FFFFF385,250,1
A 1
1A,FFFFE5,3110,29,7,24917C2ED3,1,1,0
FFFFFE,12,178,2B,6,724C310186,0,251,1
T
FFFFF7,D,D62,30,B,526854F96,FFFFFFC0,1,0
FFFFFA,B,1304,28,3,22F779D1C0,FFFFF5A5,251,1
A 0
1A,FFFFE5,3110,29,7,24917C2ED3,1,1,0
11,E,39CC,2D,6,726AA988E4,0,252,1
T
FFFFF7,D,D62,30,B,526854F96,FFFFFFC0,1,0
1E,FFFFF7,48,2A,F,2315F25BBE,FFFFF2F2,252,1
A 1
1A,FFFFE5,3110,29,7,24917C2ED3,1,1,0
FFFFF9,FFFFD8,156,29,6,7289221244,0,253,1
T
FFFFF7,D,D62,30,B,526854F96,FFFFFFC0,1,0
FFFFF7,FFFFE3,3994,27,3,23346AE9A1,FFFFF60A,253,1
A 0
1A,FFFFE5,3110,29,7,24917C2ED3,1,1,0
52,1D,28FC,2F,7,72A79A9BAF,0,254,1
T
FFFFF7,D,D62,30,B,526854F96,FFFFFFC0,1,0
FFFFE3,FFFFE6,3CF0,2D,9,2352E373A1,FFFFF3C0,254,1
A 1
1A,FFFFE5,3110,29,7,24917C2ED3,1,1,0
16,4F,2D8A,2E,8,72C613230D,0,255,1
T
FFFFF7,D,D62,30,B,526854F96,FFFFFFC0,1,0
FFFFE7,FFFFED,322A,2C,5,23715BFE92,FFFFF593,255,1
A 0
1A,FFFFE5,3110,29,7,24917C2ED3,1,1,0
FFFFF8,24,DA4,29,A,72E48BAA59,0,0,1
T
FFFFF7,D,D62,30,B,526854F96,FFFFFFC0,1,0
30,FFFFF9,6D6,2A,10,238FD48971,FFFFF3AD,0,1
A 1
1A,FFFFE5,3110,29,7,24917C2ED3,1,1,0
38,57,3068,2E,8,7330433DA,0,1,1
T
FFFFF7,D,D62,30,B,526854F96,FFFFFFC0,1,0
FFFFE1,5,3646,2A,4,23AE4D1749,FFFFF4F5,1,1
A 0
1A,FFFFE5,3110,29,7,24917C2ED3,1,1,0
FFFFEC,FFFFD8,3B1E,2A,5,73217CBD3B,0,2,1
T
FFFFF7,D,D62,30,B,526854F96,FFFFFFC0,1,0
1A,F,A54,2D,13,23CCC5A14F,FFFFF333,2,1
A 1
1A,FFFFE5,3110,29,7,24917C2ED3,1,1,0
7F,2E,B42,2E,8,733FF5448F,0,3,1
T
FFFFF7,D,D62,30,B,526854F96,FFFFFFC0,1,0
A,FFFFBD,3EC0,29,4,23EB3E2D10,FFFFF663,3,1
A 0
1A,FFFFE5,3110,29,7,24917C2ED3,1,1,0
FFFFED,FFFFDD,80,2F,7,735E6DCDFE,0,4,1
T
FFFFF7,D,D62,30,B,526854F96,FFFFFFC0,1,0
12,10,1278,2F,14,249B6B922,FFFFF2E1,4,1
A 1
1A,FFFFE5,3110,29,7,24917C2ED3,1,1,0
FFFFFD,FFFFE6,33A8,2C,7,737CE65757,0,5,1
T
FFFFF7,D,D62,30,B,526854F96,FFFFFFC0,1,0
D,14,3846,29,4,24282F440B,FFFFF598,5,1
A 0
1A,FFFFE5,3110,29,7,24917C2ED3,1,1,0
B,15,32FE,30,E,739B5EDEA6,0,6,1
T
FFFFF7,D,D62,30,B,526854F96,FFFFFFC0,1,0
E,0,135C,2A,F,2446A7CEFE,FFFFF2FF,6,1
A 1
1A,FFFFE5,3110,29,7,24917C2ED3,1,1,0
FFFFF3,FFFFD0,FAE,2A,7,73B9D7681A,0,7,1
T
FFFFF7,D,D62,30,B,526854F96,FFFFFFC0,1,0
8,24,3D68,29,4,2465205C94,FFFFF5A6,7,1
A 0
1A,FFFFE5,3110,29,7,24917C2ED3,1,1,0
20,FFFFD5,3944,2E,D,73D84FF168,0,8,1
T
FFFFF7,D,D62,30,B,526854F96,FFFFFFC0,1,0
FFFFFD,FFFFF5,16BC,28,D,248398E6D1,FFFFF2DE,8,1
A 1
1A,FFFFE5,3110,29,7,24917C2ED3,1,1,0
FFFFC2,FFFFC2,D32,29,6,73F6C878E1,0,9,1
T
FFFFF7,D,D62,30,B,526854F96,FFFFFFC0,1,0
0,FFFFD6,303A,2A,4,24A21171BA,FFFFF57A,9,1
A 0
1A,FFFFE5,3110,29,7,24917C2ED3,1,1,0
1E,FFFFF8,15B2,2A,A,741541022E,0,10,1
T
FFFFF7,D,D62,30,B,526854F96,FFFFFFC0,1,0
FFFFD2,FFFFE1,1872,2C,12,24C089FEA9,FFFFF3E8,10,1
A 1
1A,FFFFE5,3110,29,7,24917C2ED3,1,1,0
FFFFEA,FFFFC0,2FC4,2B,7,7433B98BB9,0,11,1
T
FFFFF7,D,D62,30,B,526854F96,FFFFFFC0,1,0
FFFFF5,FFFFE2,34D6,2B,5,24DF028991,FFFFF622,11,1
A 0
1A,FFFFE5,3110,29,7,24917C2ED3,1,1,0
FFFFFD,10,3C14,2C,C,74523212F9,0,12,1
T
FFFFF7,D,D62,30,B,526854F96,FFFFFFC0,1,0
FFFFFD,24,2BDC,2C,11,24FD7B1483,FFFFF46F,12,1
A 1
1A,FFFFE5,3110,29,7,24917C2ED3,1,1,0
FFFFC0,FFFFFF,2BD4,2E,9,7470AA9A80,0,13,1
T
FFFFF7,D,D62,30,B,526854F96,FFFFFFC0,1,0
48,7,122,2B,4,251BF3A033,FFFFF54B,13,1
A 0
1A,FFFFE5,3110,29,7,24917C2ED3,1,1,0
24,5C,2C94,2F,D,748F2323BC,0,14,1
T
FFFFF7,D,D62,30,B,526854F96,FFFFFFC0,1,0
FFFFC1,8,3480,29,E,253A6C2A58,FFFFF380,14,1
A 1
1A,FFFFE5,3110,29,7,24917C2ED3,1,1,0
FFFFE2,2D,320A,2C,7,74AD9BAB34,0,15,1
T
FFFFF7,D,D62,30,B,526854F96,FFFFFFC0,1,0
F,FFFFF8,27F2,2A,4,2558E4B5FB,FFFFF5CC,15,1
A 0
1A,FFFFE5,3110,29,7,24917C2ED3,1,1,0
FFFFDB,8,B2A,30,9,74CC14328C,0,16,1
T
FFFFF7,D,D62,30,B,526854F96,FFFFFFC0,1,0
12,FFFFFE,3984,2B,10,25775D4033,FFFFF43F,16,1
A 1
1A,FFFFE5,3110,29,7,24917C2ED3,1,1,0
0,3C,982,2B,7,74EA8CBC00,0,17,1
T
FFFFF7,D,D62,30,B,526854F96,FFFFFFC0,1,0
B,FFFFDD,12DE,2E,5,2595D5CD07,FFFFF54C,17,1
A 0
1A,FFFFE5,3110,29,7,24917C2ED3,1,1,0
FFFFFD,FFFFF0,DD2,2D,6,75905455B,0,18,1
T
FFFFF7,D,D62,30,B,526854F96,FFFFFFC0,1,0
FFFFF7,FFFFDC,3F72,2D,13,25B44E5818,FFFFF379,18,1
A 1
1A,FFFFE5,3110,29,7,24917C2ED3,1,1,0
2,1D,2D32,28,6,75277DCCC5,0,19,1
T
FFFFF7,D,D62,30,B,526854F96,FFFFFFC0,1,0
FFFFFF,5,58,2E,5,25D2C6E3D0,FFFFF5FD,19,1
A 0
1A,FFFFE5,3110,29,7,24917C2ED3,1,1,0
FFFFAD,FFFFFD,293C,2A,B,7545F6560F,0,20,1
T
FFFFF7,D,D62,30,B,526854F96,FFFFFFC0,1,0
FFFFE1,FFFFE0,3B3A,2D,9,25F13F6FE5,FFFFF3E0,20,1
A 1
1A,FFFFE5,3110,29,7,24917C2ED3,1,1,0
FFFFB3,FFFFE3,366E,29,6,75646EDF83,0,21,1
T
FFFFF7,D,D62,30,B,526854F96,FFFFFFC0,1,0
FFFFF0,10,3ABA,2F,5,26FB7FBCF,FFFFF5EB,21,1
A 0
1A,FFFFE5,3110,29,7,24917C2ED3,1,1,0
28,FFFFCC,E22,30,7,7582E766EF,0,22,1
T
FFFFF7,D,D62,30,B,526854F96,FFFFFFC0,1,0
11,FFFFF4,3AD2,2B,8,262E3085C4,FFFFF395,22,1
A 1
1A,FFFFE5,3110,29,7,24917C2ED3,1,1,0
0,FFFFE6,3C78,29,6,75A15FF04D,0,23,1
T
FFFFF7,D,D62,30,B,526854F96,FFFFFFC0,1,0
11,14,2F20,29,4,264CA912B1,FFFFF5D9,23,1
A 0
1A,FFFFE5,3110,29,7,24917C2ED3,1,1,0
FFFFD4,FFFFA5,6A4,2B,B,75BFD8799D,0,24,1
T
FFFFF7,D,D62,30,B,526854F96,FFFFFFC0,1,0
14,B,3DD8,2C,11,266B219D9C,FFFFF423,24,1
A 1
1A,FFFFE5,3110,29,7,24917C2ED3,1,1,0
6,FFFFCA,406,2C,7,75DE51010C,0,25,1
T
FFFFF7,D,D62,30,B,526854F96,FFFFFFC0,1,0
37,13,D70,2A,4,26899A2980,FFFFF606,25,1
A 0
1A,FFFFE5,3110,29,7,24917C2ED3,1,1,0
8,FFFFEB,123E,2B,5,75FCC98873,0,26,1
T
FFFFF7,D,D62,30,B,526854F96,FFFFFFC0,1,0
FFFFF2,FFFFD8,3CF0,28,E,26A812B371,FFFFF393,26,1
A 1
1A,FFFFE5,3110,29,7,24917C2ED3,1,1,0
FFFFF4,21,358E,2C,7,761B4211D3,0,27,1
T
FFFFF7,D,D62,30,B,526854F96,FFFFFFC0,1,0
FFFFF7,23,B42,2A,3,26C68B414C,FFFFF59B,27,1
A 0
1A,FFFFE5,3110,29,7,24917C2ED3,1,1,0
10,FFFFDC,2CA8,2C,6,7639BA9B3D,0,28,1
T
FFFFF7,D,D62,30,B,526854F96,FFFFFFC0,1,0
2,FFFFF6,3F08,2D,12,26E503CB51,FFFFF3A0,28,1
A 1
1A,FFFFE5,3110,29,7,24917C2ED3,1,1,0
37,E,1532,29,6,765833229B,0,29,1
T
FFFFF7,D,D62,30,B,526854F96,FFFFFFC0,1,0
B,E,448,28,3,2737C562F,FFFFF602,29,1
A 0
1A,FFFFE5,3110,29,7,24917C2ED3,1,1,0
E,E,189A,29,9,7676ABABE9,0,30,1
T
FFFFF7,D,D62,30,B,526854F96,FFFFFFC0,1,0
2,23,3F00,29,E,2721F4E322,FFFFF3C9,30,1
A 1
1A,FFFFE5,3110,29,7,24917C2ED3,1,1,0
FFFFC5,FFFFD4,282,2C,7,7695243569,0,31,1
T
FFFFF7,D,D62,30,B,526854F96,FFFFFFC0,1,0
20,2A,154E,2C,4,27406D6E0C,FFFFF53B,31,1
A 0
1A,FFFFE5,3110,29,7,24917C2ED3,1,1,0
FFFFCF,FFFFE2,1198,2E,C,76B39CBCB4,0,32,1
T
FFFFF7,D,D62,30,B,526854F96,FFFFFFC0,1,0
F,FFFFF0,3BA2,2A,F,275EE5F8F8,FFFFF477,32,1
A 1
1A,FFFFE5,3110,29,7,24917C2ED3,1,1,0
FFFFE7,FFFFD0,E78,29,6,76D215462A,0,33,1
T
FFFFF7,D,D62,30,B,526854F96,FFFFFFC0,1,0
FFFFE5,FFFFF2,EA2,29,3,277D5E85C9,FFFFF5A3,33,1
A 0
1A,FFFFE5,3110,29,7,24917C2ED3,1,1,0
13,FFFFFE,BAA,2A,B,76F08DCF7E,0,34,1
T
FFFFF7,D,D62,30,B,526854F96,FFFFFFC0,1,0
1E,3,3CFE,2C,12,279BD710D0,FFFFF354,34,1
A 1
1A,FFFFE5,3110,29,7,24917C2ED3,1,1,0
FFFFD1,FFFFF6,132C,2C,8,77F0656FD,0,35,1
T
FFFFF7,D,D62,30,B,526854F96,FFFFFFC0,1,0
14,9,16AA,28,4,27BA4F9BDB,FFFFF586,35,1
A 0
1A,FFFFE5,3110,29,7,24917C2ED3,1,1,0
FFFFF3,FFFFFE,14C4,2A,A,772D7EDE45,0,36,1
T
FFFFF7,D,D62,30,B,526854F96,FFFFFFC0,1,0
E,FFFFF2,35C,29,E,27D8C826A0,FFFFF386,36,1
A 1
1A,FFFFE5,3110,29,7,24917C2ED3,1,1,0
39,7,282E,2B,7,774BF767B8,0,37,1
T
FFFFF7,D,D62,30,B,526854F96,FFFFFFC0,1,0
14,FFFFF1,2A96,2D,5,27F740B238,FFFFF5F1,37,1
A 0
1A,FFFFE5,3110,29,7,24917C2ED3,1,1,0
19,18,842,2B,B,776A6FEF0A,0,38,1
T
FFFFF7,D,D62,30,B,526854F96,FFFFFFC0,1,0
17,12,464,2D,12,2815B93C88,FFFFF454,38,1
A 1
1A,FFFFE5,3110,29,7,24917C2ED3,1,1,0
FFFFB6,7,288E,2E,8,7788E87682,0,39,1
T
FFFFF7,D,D62,30,B,526854F96,FFFFFFC0,1,0
21,26,4D0,2D,5,283431C809,FFFFF5E5,39,1
A 0
1A,FFFFE5,3110,29,7,24917C2ED3,1,1,0
FFFFFA,1A,C90,2E,8,77A760FFD4,0,40,1
T
FFFFF7,D,D62,30,B,526854F96,FFFFFFC0,1,0
29,FFFFFD,ED2,2D,11,2852AA5452,FFFFF427,40,1
A 1
1A,FFFFE5,3110,29,7,24917C2ED3,1,1,0
FFFFF4,FFFFE2,2772,30,8,77C5D98942,0,41,1
T
FFFFF7,D,D62,30,B,526854F96,FFFFFFC0,1,0
7,4,13A,2A,4,287122DF3B,FFFFF602,41,1
A 0
1A,FFFFE5,3110,29,7,24917C2ED3,1,1,0
28,8,380E,2A,5,77E45210A8,0,42,1
T
FFFFF7,D,D62,30,B,526854F96,FFFFFFC0,1,0
FFFFF8,31,18A0,2C,11,288F9B6A42,FFFFF36F,42,1
A 1
1A,FFFFE5,3110,29,7,24917C2ED3,1,1,0
3,FFFFD4,1716,2C,7,782CA9A08,0,43,1
T
FFFFF7,D,D62,30,B,526854F96,FFFFFFC0,1,0
FFFFEA,34,10F8,2D,5,28AE13F7C5,FFFFF5C2,43,1
A 0
1A,FFFFE5,3110,29,7,24917C2ED3,1,1,0
FFFFE5,FFFFC8,136C,2D,6,7821432368,0,44,1
T
FFFFF7,D,D62,30,B,526854F96,FFFFFFC0,1,0
FFFFE9,FFFFDE,38DE,2A,10,28CC8C8216,FFFFF426,44,1
A 1
1A,FFFFE5,3110,29,7,24917C2ED3,1,1,0
2C,FFFFEA,3AD6,2E,8,783FBBAAC8,0,45,1
T
FFFFF7,D,D62,30,B,526854F96,FFFFFFC0,1,0
FFFFE3,FFFFE8,32C0,2C,5,28EB050CF9,FFFFF590,45,1
A 0
1A,FFFFE5,3110,29,7,24917C2ED3,1,1,0
41,1E,288,31,E,785E34341D,0,46,1
T
FFFFF7,D,D62,30,B,526854F96,FFFFFFC0,1,0
41,23,3F98,2A,10,2997D99EB,FFFFF2AB,46,1
A 1
1A,FFFFE5,3110,29,7,24917C2ED3,1,1,0
FFFFF4,FFFFF0,170E,2B,7,787CACBD8E,0,47,1
T
FFFFF7,D,D62,30,B,526854F96,FFFFFFC0,1,0
FFFFF6,FFFFFA,3B52,2A,4,2927F624CD,FFFFF5CF,47,1
A 0
1A,FFFFE5,3110,29,7,24917C2ED3,1,1,0
FFFFEF,FFFFCF,2D1A,2B,6,789B2544F9,0,48,1
T
FFFFF7,D,D62,30,B,526854F96,FFFFFFC0,1,0
39,2E,66E,2A,8,29466EAFC4,FFFFF488,48,1
A 1
1A,FFFFE5,3110,29,7,24917C2ED3,1,1,0
FFFFEC,18,29E8,2E,8,78B99DCE53,0,49,1
T
FFFFF7,D,D62,30,B,526854F96,FFFFFFC0,1,0
4,FFFFFA,3C5A,2B,4,2964E73CB9,FFFFF5BC,49,1
A 0
1A,FFFFE5,3110,29,7,24917C2ED3,1,1,0
FFFFE8,25,122E,29,A,78D81657A5,0,50,1
T
FFFFF7,D,D62,30,B,526854F96,FFFFFFC0,1,0
FFFFFE,FFFFF6,11E4,2A,F,29835FC798,FFFFF376,50,1
A 1
1A,FFFFE5,3110,29,7,24917C2ED3,1,1,0
4,FFFFDC,3C8,2C,7,78F68EDF15,0,51,1
T
FFFFF7,D,D62,30,B,526854F96,FFFFFFC0,1,0
15,1B,160,28,4,29A1D85388,FFFFF606,51,1
A 0
1A,FFFFE5,3110,29,7,24917C2ED3,1,1,0
FFFFD4,FFFFC1,6E4,2D,C,7915076668,0,52,1
T
FFFFF7,D,D62,30,B,526854F96,FFFFFFC0,1,0
24,13,1494,29,F,29C050DD71,FFFFF3D7,52,1
A 1
1A,FFFFE5,3110,29,7,24917C2ED3,1,1,0
0,FFFFE3,754,2F,9,79337FEFE8,0,53,1
T
FFFFF7,D,D62,30,B,526854F96,FFFFFFC0,1,0
FFFFDE,1,3BC,28,3,29DEC96B44,FFFFF66B,53,1
A 0
1A,FFFFE5,3110,29,7,24917C2ED3,1,1,0
FFFFE7,FFFFD6,2F50,2A,A,7951F87927,0,54,1
T
FFFFF7,D,D62,30,B,526854F96,FFFFFFC0,1,0
26,FFFFFF,2AB6,2F,14,29FD41F551,FFFFF2A6,54,1
A 1
1A,FFFFE5,3110,29,7,24917C2ED3,1,1,0
FFFFA1,FFFFE2,30EE,2C,8,79707100AE,0,55,1
T
FFFFF7,D,D62,30,B,526854F96,FFFFFFC0,1,0
1C,15,2E8,2B,4,2A1BBA803A,FFFFF593,55,1
A 0
1A,FFFFE5,3110,29,7,24917C2ED3,1,1,0
FFFFF3,13,1236,2D,C,798EE989EC,0,56,1
T
FFFFF7,D,D62,30,B,526854F96,FFFFFFC0,1,0
1E,4C,3088,29,F,2A3A330D24,FFFFF348,56,1
A 1
1A,FFFFE5,3110,29,7,24917C2ED3,1,1,0
FFFFE9,2,B10,28,6,79AD62137A,0,57,1
T
FFFFF7,D,D62,30,B,526854F96,FFFFFFC0,1,0
7,FFFFC1,AB2,27,3,2A58AB9901,FFFFF6A4,57,1
A 0
1A,FFFFE5,3110,29,7,24917C2ED3,1,1,0
FFFFE3,FFFFF4,2904,28,9,79CBDA9AB7,0,58,1
T
FFFFF7,D,D62,30,B,526854F96,FFFFFFC0,1,0
FFFFE1,25,36B4,2A,E,2A772422FE,FFFFF372,58,1
A 1
1A,FFFFE5,3110,29,7,24917C2ED3,1,1,0
FFFFD9,FFFFDB,11A6,2C,7,79EA532436,0,59,1
T
FFFFF7,D,D62,30,B,526854F96,FFFFFFC0,1,0
3,FFFFCC,AEC,2E,4,2A959CB0C7,FFFFF599,59,1
A 0
1A,FFFFE5,3110,29,7,24917C2ED3,1,1,0
38,FFFFF9,32C0,2A,B,7A8CBAD84,0,60,1
T
FFFFF7,D,D62,30,B,526854F96,FFFFFFC0,1,0
10,2,3E6E,2A,10,2AB4153ADC,FFFFF31B,60,1
A 1
1A,FFFFE5,3110,29,7,24917C2ED3,1,1,0
12,FFFFE1,E42,2F,8,7A274434FD,0,61,1
T
FFFFF7,D,D62,30,B,526854F96,FFFFFFC0,1,0
47,4B,F28,2B,5,2AD28DC5C4,FFFFF4BC,61,1
A 0
1A,FFFFE5,3110,29,7,24917C2ED3,1,1,0
7,B,1474,29,7,7A45BCBC52,0,62,1
T
FFFFF7,D,D62,30,B,526854F96,FFFFFFC0,1,0
FFFFF6,FFFFF0,632,2B,10,2AF10650AE,FFFFF3FB,62,1
A 1
1A,FFFFE5,3110,29,7,24917C2ED3,1,1,0
2F,1D,369E,2F,9,7A643545C0,0,63,1
T
FFFFF7,D,D62,30,B,526854F96,FFFFFFC0,1,0
1,3E,16BA,28,4,2BF7EDE59,FFFFF5B0,63,1
A 0
1A,FFFFE5,3110,29,7,24917C2ED3,1,1,0
FFFFD8,FFFFD0,17FC,2D,6,7A82ADCF0D,0,64,1
T
FFFFF7,D,D62,30,B,526854F96,FFFFFFC0,1,0
0,FFFFE5,D5A,2C,10,2B2DF76887,FFFFF42C,64,1
A 1
1A,FFFFE5,3110,29,7,24917C2ED3,1,1,0
39,FFFFEE,11CE,29,6,7AA1265680,0,65,1
T
FFFFF7,D,D62,30,B,526854F96,FFFFFFC0,1,0
7,8,1912,2F,6,2B4C6FF431,FFFFF58D,65,1
A 0
1A,FFFFE5,3110,29,7,24917C2ED3,1,1,0
16,FFFFDF,3088,2C,C,7ABF9EDFD2,0,66,1
T
FFFFF7,D,D62,30,B,526854F96,FFFFFFC0,1,0
13,1D,123E,30,15,2B6AE88068,FFFFF3FD,66,1
A 1
1A,FFFFE5,3110,29,7,24917C2ED3,1,1,0
FFFFF0,FFFFC6,12AE,2A,7,7ADE17694A,0,67,1
T
FFFFF7,D,D62,30,B,526854F96,FFFFFFC0,1,0
FFFFFD,14,BC2,2A,4,2B89610B4E,FFFFF56E,67,1
A 0
1A,FFFFE5,3110,29,7,24917C2ED3,1,1,0
1D,3A,163C,2D,C,7AFC8FF096,0,68,1
T
FFFFF7,D,D62,30,B,526854F96,FFFFFFC0,1,0
FFFFC1,FFFFE0,1132,2F,13,2BA7D9963D,FFFFF362,68,1
A 1
1A,FFFFE5,3110,29,7,24917C2ED3,1,1,0
FFFFDA,FFFFAD,146,30,9,7B1B087A0A,0,69,1
T
FFFFF7,D,D62,30,B,526854F96,FFFFFFC0,1,0
3F,FFFFF8,E5E,2A,4,2BC6522404,FFFFF587,69,1
A 0
1A,FFFFE5,3110,29,7,24917C2ED3,1,1,0
FFFFFE,30,81C,2A,6,7B3981036F,0,70,1
T
FFFFF7,D,D62,30,B,526854F96,FFFFFFC0,1,0
FFFFFB,30,125E,28,E,2BE4CAAE10,FFFFF40C,70,1
A 1
1A,FFFFE5,3110,29,7,24917C2ED3,1,1,0
FFFFEF,FFFFBD,4F6,2E,8,7B57F98ACF,0,71,1
T
FFFFF7,D,D62,30,B,526854F96,FFFFFFC0,1,0
36,1D,10A0,2C,4,2C34339BC,FFFFF553,71,1
A 0
1A,FFFFE5,3110,29,7,24917C2ED3,1,1,0
FFFFF8,E,3988,30,7,7B76721438,0,72,1
T
FFFFF7,D,D62,30,B,526854F96,FFFFFFC0,1,0
FFFFFF,24,1046,28,6,2C21BBC5F4,FFFFF364,72,1
A 1
1A,FFFFE5,3110,29,7,24917C2ED3,1,1,0
4A,F,98C,2B,7,7B94EA9D91,0,73,1
T
FFFFF7,D,D62,30,B,526854F96,FFFFFFC0,1,0
FFFFE5,6,3D6,2D,5,2C403450C5,FFFFF640,73,1
A 0
1A,FFFFE5,3110,29,7,24917C2ED3,1,1,0
13,11,ABA,2E,C,7BB36324E3,0,74,1
T
FFFFF7,D,D62,30,B,526854F96,FFFFFFC0,1,0
FFFFF2,D,95A,2D,9,2C5EACDBD1,FFFFF3B2,74,1
A 1
1A,FFFFE5,3110,29,7,24917C2ED3,1,1,0
FFFFEA,FFFFD1,3CA4,2C,8,7BD1DBAE66,0,75,1
T
FFFFF7,D,D62,30,B,526854F96,FFFFFFC0,1,0
1C,1B,154A,27,3,2C7D2568D0,FFFFF581,75,1
A 0
1A,FFFFE5,3110,29,7,24917C2ED3,1,1,0
FFFFC5,FFFFB5,266,2F,D,7BF05437A5,0,76,1
T
FFFFF7,D,D62,30,B,526854F96,FFFFFFC0,1,0
FFFFF2,12,A84,2D,13,2C9B9DF393,FFFFF4B5,76,1
A 1
1A,FFFFE5,3110,29,7,24917C2ED3,1,1,0
FFFFEE,1B,2B06,2C,7,7CECCBF26,0,77,1
T
FFFFF7,D,D62,30,B,526854F96,FFFFFFC0,1,0
FFFFF6,FFFFF4,3F88,29,4,2CBA167F73,FFFFF592,77,1
A 0
1A,FFFFE5,3110,29,7,24917C2ED3,1,1,0
F,0,10A0,30,D,7C2D454673,0,78,1
T
FFFFF7,D,D62,30,B,526854F96,FFFFFFC0,1,0
32,10,C9A,2F,15,2CD88F0977,FFFFF349,78,1
A 1
1A,FFFFE5,3110,29,7,24917C2ED3,1,1,0
19,59,2FDC,2D,8,7C4BBDCFEF,0,79,1
T
FFFFF7,D,D62,30,B,526854F96,FFFFFFC0,1,0
FFFFC8,FFFFF1,278E,2E,5,2CF7079756,FFFFF5D9,79,1
A 0
1A,FFFFE5,3110,29,7,24917C2ED3,1,1,0
FFFFFF,1C,79C,30,E,7C6A365941,0,80,1
T
FFFFF7,D,D62,30,B,526854F96,FFFFFFC0,1,0
2B,FFFFFE,1300,2D,12,2D15802149,FFFFF38F,80,1
A 1
1A,FFFFE5,3110,29,7,24917C2ED3,1,1,0
3E,2F,117E,2C,8,7C88AEE0B5,0,81,1
T
FFFFF7,D,D62,30,B,526854F96,FFFFFFC0,1,0
1D,7,17FC,2D,4,2D33F8AD20,FFFFF5A6,81,1
A 0
1A,FFFFE5,3110,29,7,24917C2ED3,1,1,0
2D,23,3BF2,2D,C,7CA7276A00,0,82,1
T
FFFFF7,D,D62,30,B,526854F96,FFFFFFC0,1,0
1E,2C,17A8,29,E,2D52713929,FFFFF3C1,82,1
A 1
1A,FFFFE5,3110,29,7,24917C2ED3,1,1,0
24,B,172,30,8,7CC59FF37C,0,83,1
T
FFFFF7,D,D62,30,B,526854F96,FFFFFFC0,1,0
36,19,3882,2F,6,2D70E9C40A,FFFFF5C4,83,1
A 0
1A,FFFFE5,3110,29,7,24917C2ED3,1,1,0
23,FFFFE5,CA0,2B,5,7CE4187AD2,0,84,1
T
FFFFF7,D,D62,30,B,526854F96,FFFFFFC0,1,0
FFFFFA,FFFFD1,15F2,2B,11,2D8F624EFD,FFFFF32E,84,1
A 1
1A,FFFFE5,3110,29,7,24917C2ED3,1,1,0
FFFFEA,20,6A4,29,6,7D2910441,0,85,1
T
FFFFF7,D,D62,30,B,526854F96,FFFFFFC0,1,0
FFFFFD,FFFFF5,16A4,2A,4,2DADDADCC9,FFFFF5D0,85,1
A 0
1A,FFFFE5,3110,29,7,24917C2ED3,1,1,0
FFFFCA,FFFF9F,3FE0,2F,D,7D21098D90,0,86,1
T
FFFFF7,D,D62,30,B,526854F96,FFFFFFC0,1,0
0,FFFFDA,29E4,29,E,2DCC5366D0,FFFFF35F,86,1
A 1
1A,FFFFE5,3110,29,7,24917C2ED3,1,1,0
FFFFFA,FFFFB0,AE0,2F,8,7D3F821503,0,87,1
T
FFFFF7,D,D62,30,B,526854F96,FFFFFFC0,1,0
FFFFF2,3,16BC,2B,4,2DEACBF1EF,FFFFF584,87,1
A 0
1A,FFFFE5,3110,29,7,24917C2ED3,1,1,0
FFFFAE,FFFFBA,CA8,30,E,7D5DFA9C55,0,88,1
T
FFFFF7,D,D62,30,B,526854F96,FFFFFFC0,1,0
FFFFE2,FFFFF8,2FBA,2E,13,2E9447CB0,FFFFF2A0,88,1
A 1
1A,FFFFE5,3110,29,7,24917C2ED3,1,1,0
FFFFF9,FFFFF2,E3A,2D,7,7D7C7325C8,0,89,1
T
FFFFF7,D,D62,30,B,526854F96,FFFFFFC0,1,0
FFFFDE,E,2ADE,2C,5,2E27BD0A8B,FFFFF665,89,1
A 0
1A,FFFFE5,3110,29,7,24917C2ED3,1,1,0
FFFFE1,5,36B4,2E,7,7D9AEBAF2A,0,90,1
T
FFFFF7,D,D62,30,B,526854F96,FFFFFFC0,1,0
FFFFEC,4,38CE,2C,11,2E46359484,FFFFF39B,90,1
A 1
1A,FFFFE5,3110,29,7,24917C2ED3,1,1,0
24,FFFFE2,118E,2A,7,7DB964368D,0,91,1
T
FFFFF7,D,D62,30,B,526854F96,FFFFFFC0,1,0
1E,3,ABA,29,4,2E64AE2026,FFFFF665,91,1
A 0
1A,FFFFE5,3110,29,7,24917C2ED3,1,1,0
4C,23,14C6,2F,7,7DD7DCBFF4,0,92,1
T
FFFFF7,D,D62,30,B,526854F96,FFFFFFC0,1,0
FFFFD4,FFFFF9,616,2C,10,2E8326AC5B,FFFFF2DA,92,1
A 1
1A,FFFFE5,3110,29,7,24917C2ED3,1,1,0
FFFFF6,13,1138,2B,6,7DF655494F,0,93,1
T
FFFFF7,D,D62,30,B,526854F96,FFFFFFC0,1,0
34,3D,F78,2B,4,2EA19F37F8,FFFFF616,93,1
A 0
1A,FFFFE5,3110,29,7,24917C2ED3,1,1,0
FFFFEE,17,65C,29,A,7E14CDD0A7,0,94,1
T
FFFFF7,D,D62,30,B,526854F96,FFFFFFC0,1,0
FFFFE6,FFFFE7,8D2,2A,10,2EC017C23E,FFFFF314,94,1
A 1
1A,FFFFE5,3110,29,7,24917C2ED3,1,1,0
23,5,14FC,28,6,7E33465A14,0,95,1
T
FFFFF7,D,D62,30,B,526854F96,FFFFFFC0,1,0
F,17,C0A,2B,4,2EDE904FD2,FFFFF5E2,95,1
A 0
1A,FFFFE5,3110,29,7,24917C2ED3,1,1,0
FFFFED,15,110E,2E,C,7E51BEE364,0,96,1
T
FFFFF7,D,D62,30,B,526854F96,FFFFFFC0,1,0
FFFFDE,FFFFE2,476,28,E,2EFD08DA0D,FFFFF2EC,96,1
A 1
1A,FFFFE5,3110,29,7,24917C2ED3,1,1,0
1,3E,17A2,2C,7,7E70376AD7,0,97,1
T
FFFFF7,D,D62,30,B,526854F96,FFFFFFC0,1,0
29,FFFFF6,2D82,2E,6,2F1B8165DD,FFFFF56F,97,1
A 0
1A,FFFFE5,3110,29,7,24917C2ED3,1,1,0
2C,3A,296,30,D,7E8EAFF42B,0,98,1
T
FFFFF7,D,D62,30,B,526854F96,FFFFFFC0,1,0
3,A,666,2E,9,2F39F9F1F7,FFFFF361,98,1
A 1
1A,FFFFE5,3110,29,7,24917C2ED3,1,1,0
FFFFF6,FFFFF3,27FC,2F,8,7EAD287DA4,0,99,1
T
FFFFF7,D,D62,30,B,526854F96,FFFFFFC0,1,0
1D,18,14A,2E,5,2F58727D96,FFFFF566,99,1
A 0
1A,FFFFE5,3110,29,7,24917C2ED3,1,1,0
FFFFE1,FFFFE9,390A,2B,B,7ECBA104EE,0,100,1
T
FFFFF7,D,D62,30,B,526854F96,FFFFFFC0,1,0
FFFFFD,FFFFF5,45E,29,7,2F76EB07C2,FFFFF43C,100,1
A 1
1A,FFFFE5,3110,29,7,24917C2ED3,1,1,0
FFFFFF,FFFFEF,63C,2B,7,7EEA198C76,0,101,1
T
FFFFF7,D,D62,30,B,526854F96,FFFFFFC0,1,0
41,FFFFFB,FBE,28,3,2F956392B6,FFFFF618,101,1
A 0
1A,FFFFE5,3110,29,7,24917C2ED3,1,1,0
FFFFF0,FFFFD7,3D8C,2C,C,7F89215BA,0,102,1
T
FFFFF7,D,D62,30,B,526854F96,FFFFFFC0,1,0
E,1C,7B4,28,E,2FB3DC1D97,FFFFF3A6,102,1
A 1
1A,FFFFE5,3110,29,7,24917C2ED3,1,1,0
B,2D,2F34,2C,8,7F270A9D3A,0,103,1
T
FFFFF7,D,D62,30,B,526854F96,FFFFFFC0,1,0
36,4F,3B4A,2F,6,2FD254A96F,FFFFF5E8,103,1
A 0
1A,FFFFE5,3110,29,7,24917C2ED3,1,1,0
1D,FFFFD2,60E,2A,A,7F4583247E,0,104,1
T
FFFFF7,D,D62,30,B,526854F96,FFFFFFC0,1,0
12,6,60E,29,F,2FF0CD336D,FFFFF330,104,1
A 1
1A,FFFFE5,3110,29,7,24917C2ED3,1,1,0
52,FFFFC6,1090,29,6,7F63FBADFA,0,105,1
T
FFFFF7,D,D62,30,B,526854F96,FFFFFFC0,1,0
FFFFFC,2,3370,2C,5,30F45C058,FFFFF5EC,105,1
A 0
1A,FFFFE5,3110,29,7,24917C2ED3,1,1,0
FFFFE2,FFFFE2,1836,2E,C,7F82743747,0,106,1
T
FFFFF7,D,D62,30,B,526854F96,FFFFFFC0,1,0
2F,1E,8DA,2B,11,302DBE4B49,FFFFF3C4,106,1
A 1
1A,FFFFE5,3110,29,7,24917C2ED3,1,1,0
FFFFD4,F,11EE,2D,7,7FA0ECBEC0,0,107,1
T
FFFFF7,D,D62,30,B,526854F96,FFFFFFC0,1,0
FFFFEE,FFFFC3,3A62,27,3,304C36D720,FFFFF5E6,107,1
A 0
1A,FFFFE5,3110,29,7,24917C2ED3,1,1,0
FFFFF8,3,3EC,2D,C,7FBF65480C,0,108,1
T
FFFFF7,D,D62,30,B,526854F96,FFFFFFC0,1,0
FFFFE7,14,11FC,2C,10,306AAF631F,FFFFF316,108,1
A 1
1A,FFFFE5,3110,29,7,24917C2ED3,1,1,0
41,19,134C,2B,7,7FDDDDD185,0,109,1
T
FFFFF7,D,D62,30,B,526854F96,FFFFFFC0,1,0
FFFFF9,FFFFD4,3DEA,29,3,308927EF0B,FFFFF5E4,109,1
A 0
1A,FFFFE5,3110,29,7,24917C2ED3,1,1,0
FFFFDC,FFFFFB,2F60,2E,6,7FFC5658E4,0,110,1
T
FFFFF7,D,D62,30,B,526854F96,FFFFFFC0,1,0
D,2,284C,2F,15,30A7A07908,FFFFF405,110,1
A 1
1A,FFFFE5,3110,29,7,24917C2ED3,1,1,0
FFFFE6,5,390C,2D,8,801ACEE244,0,111,1
T
FFFFF7,D,D62,30,B,526854F96,FFFFFFC0,1,0
FFFFCA,FFFFE3,3B4,2A,4,30C61906D0,FFFFF5D3,111,1
A 0
1A,FFFFE5,3110,29,7,24917C2ED3,1,1,0
21,4A,10DE,29,5,8039476BA5,0,112,1
T
FFFFF7,D,D62,30,B,526854F96,FFFFFFC0,1,0
F,1,2F74,2D,12,30E49190D6,FFFFF37F,112,1
A 1
1A,FFFFE5,3110,29,7,24917C2ED3,1,1,0
FFFFD7,7,276E,30,8,8057BFF30B,0,113,1
T
FFFFF7,D,D62,30,B,526854F96,FFFFFFC0,1,0
FFFFF2,FFFFDA,3E10,2A,4,3130A1BB8,FFFFF5CC,113,1
A 0
1A,FFFFE5,3110,29,7,24917C2ED3,1,1,0
FFFFCE,FFFFB1,9CA,2C,7,8076387A69,0,114,1
T
FFFFF7,D,D62,30,B,526854F96,FFFFFFC0,1,0
FFFFE8,D,2F92,28,D,312182A6B1,FFFFF44F,114,1
A 1
1A,FFFFE5,3110,29,7,24917C2ED3,1,1,0
FFFFFA,FFFFD1,C3C,2E,8,8094B103CD,0,115,1
T
FFFFF7,D,D62,30,B,526854F96,FFFFFFC0,1,0
11,11,16AC,2B,4,313FFB33A4,FFFFF5CA,115,1
A 0
1A,FFFFE5,3110,29,7,24917C2ED3,1,1,0
FFFFF5,2F,566,2A,A,80B3298D2A,0,116,1
T
FFFFF7,D,D62,30,B,526854F96,FFFFFFC0,1,0
FFFFF0,17,35E2,2C,11,315E73BE8D,FFFFF409,116,1
A 1
1A,FFFFE5,3110,29,7,24917C2ED3,1,1,0
FFFFFB,FFFFF2,3D54,2D,8,80D1A21492,0,117,1
T
FFFFF7,D,D62,30,B,526854F96,FFFFFFC0,1,0
FFFFEF,FFFFED,1E8,2E,5,317CEC4A4E,FFFFF5D4,117,1
A 0
1A,FFFFE5,3110,29,7,24917C2ED3,1,1,0
F,2C,15FA,2B,5,80F01A9DFC,0,118,1
T
FFFFF7,D,D62,30,B,526854F96,FFFFFFC0,1,0
FFFFBD,FFFFFA,3C92,2C,10,319B64D660,FFFFF3C4,118,1
A 1
1A,FFFFE5,3110,29,7,24917C2ED3,1,1,0
2C,1A,2DF2,2E,8,81E93275B,0,119,1
T
FFFFF7,D,D62,30,B,526854F96,FFFFFFC0,1,0
FFFFAB,33,D8,2E,5,31B9DD6169,FFFFF5AA,119,1
A 0
1A,FFFFE5,3110,29,7,24917C2ED3,1,1,0
FFFFEE,23,C78,30,D,812D0BAEA8,0,120,1
T
FFFFF7,D,D62,30,B,526854F96,FFFFFFC0,1,0
FFFFF9,FFFFD4,38C,2C,12,31D855EC41,FFFFF3CE,120,1
A 1
1A,FFFFE5,3110,29,7,24917C2ED3,1,1,0
55,5B,3596,2B,7,814B843824,0,121,1
T
FFFFF7,D,D62,30,B,526854F96,FFFFFFC0,1,0
1A,16,982,28,4,31F6CE79B7,FFFFF59E,121,1
A 0
1A,FFFFE5,3110,29,7,24917C2ED3,1,1,0
15,FFFFE3,40C,2B,B,8169FCC178,0,122,1
T
FFFFF7,D,D62,30,B,526854F96,FFFFFFC0,1,0
FFFFD5,FFFFFA,6AE,2C,11,321547040F,FFFFF48B,122,1
A 1
1A,FFFFE5,3110,29,7,24917C2ED3,1,1,0
38,23,3C34,2D,8,81887548F2,0,123,1
T
FFFFF7,D,D62,30,B,526854F96,FFFFFFC0,1,0
FFFFD5,FFFFD8,52E,2C,5,3233BF8F18,FFFFF5B8,123,1
A 0
1A,FFFFE5,3110,29,7,24917C2ED3,1,1,0
FFFFBB,FFFFE8,11B6,2E,C,81A6EDD037,0,124,1
T
FFFFF7,D,D62,30,B,526854F96,FFFFFFC0,1,0
31,1A,518,2D,9,32523819ED,FFFFF477,124,1
A 1
1A,FFFFE5,3110,29,7,24917C2ED3,1,1,0
7,3B,29B4,28,6,81C56659B6,0,125,1
T
FFFFF7,D,D62,30,B,526854F96,FFFFFFC0,1,0
FFFFFD,2D,97E,2C,5,3270B0A572,FFFFF58F,125,1
A 0
1A,FFFFE5,3110,29,7,24917C2ED3,1,1,0
FFFFE8,FFFFA8,30CE,29,9,81E3DEE105,0,126,1
T
FFFFF7,D,D62,30,B,526854F96,FFFFFFC0,1,0
1D,2A,C64,2E,9,328F292FCF,FFFFF42D,126,1
A 1
1A,FFFFE5,3110,29,7,24917C2ED3,1,1,0
FFFFF3,FFFFFD,98C,2B,7,82257687A,0,127,1
T
FFFFF7,D,D62,30,B,526854F96,FFFFFFC0,1,0
FFFFFE,FFFFD6,2BA4,29,4,32ADA1BB8C,FFFFF60B,127,1
A 0
1A,FFFFE5,3110,29,7,24917C2ED3,1,1,0
FFFFFE,2,1724,2D,C,8220CFF1CD,0,128,1
T
FFFFF7,D,D62,30,B,526854F96,FFFFFFC0,1,0
4,FFFFEA,12A8,2C,10,32CC1A4796,FFFFF39B,128,1
A 1
1A,FFFFE5,3110,29,7,24917C2ED3,1,1,0
FFFFEF,FFFFCA,331A,2D,7,823F487B41,0,129,1
T
FFFFF7,D,D62,30,B,526854F96,FFFFFFC0,1,0
B,1,ACA,28,3,32EA92D325,FFFFF5CB,129,1
A 0
1A,FFFFE5,3110,29,7,24917C2ED3,1,1,0
13,22,2C94,2D,7,825DC1029C,0,130,1
T
FFFFF7,D,D62,30,B,526854F96,FFFFFFC0,1,0
2E,FFFFFA,2810,2A,F,3390B5D77,FFFFF36A,130,1
A 1
1A,FFFFE5,3110,29,7,24917C2ED3,1,1,0
FFFFEA,FFFFE6,142C,2C,7,827C398C02,0,131,1
T
FFFFF7,D,D62,30,B,526854F96,FFFFFFC0,1,0
FFFFF4,4E,40E,2A,4,332783EA51,FFFFF5D8,131,1
A 0
1A,FFFFE5,3110,29,7,24917C2ED3,1,1,0
FFFFD8,FFFFED,13AC,2A,5,829AB21566,0,132,1
T
FFFFF7,D,D62,30,B,526854F96,FFFFFFC0,1,0
C,FFFFFE,2CC2,2C,11,3345FC7549,FFFFF3FC,132,1
A 1
1A,FFFFE5,3110,29,7,24917C2ED3,1,1,0
18,4,2C1C,2D,7,82B92A9CC6,0,133,1
T
FFFFF7,D,D62,30,B,526854F96,FFFFFFC0,1,0
8,FFFFE6,63E,2E,5,336475004F,FFFFF54B,133,1
A 0
1A,FFFFE5,3110,29,7,24917C2ED3,1,1,0
20,F,94A,2D,6,82D7A3262F,0,134,1
T
FFFFF7,D,D62,30,B,526854F96,FFFFFFC0,1,0
17,F,2D54,2B,10,3382ED8D1E,FFFFF3B6,134,1
A 1
1A,FFFFE5,3110,29,7,24917C2ED3,1,1,0
FFFFD8,FFFFE1,2D9A,2C,7,82F61BAF93,0,135,1
T
FFFFF7,D,D62,30,B,526854F96,FFFFFFC0,1,0
FFFFFC,5,2C94,28,3,33A166183F,FFFFF5E3,135,1
A 0
1A,FFFFE5,3110,29,7,24917C2ED3,1,1,0
36,A,146C,2B,6,83149436F8,0,136,1
T
FFFFF7,D,D62,30,B,526854F96,FFFFFFC0,1,0
1B,E,37B8,2F,13,33BFDEA2FD,FFFFF3B2,136,1
A 1
1A,FFFFE5,3110,29,7,24917C2ED3,1,1,0
3E,12,766,2E,8,83330CC059,0,137,1
T
FFFFF7,D,D62,30,B,526854F96,FFFFFFC0,1,0
1A,FFFFFF,9C2,27,3,33DE572FE3,FFFFF5A8,137,1
A 0
1A,FFFFE5,3110,29,7,24917C2ED3,1,1,0
4F,8A,28E4,2A,A,835185499E,0,138,1
T
FFFFF7,D,D62,30,B,526854F96,FFFFFFC0,1,0
4,17,19A,2B,10,33FCCFBAD5,FFFFF364,138,1
A 1
1A,FFFFE5,3110,29,7,24917C2ED3,1,1,0
FFFFF1,FFFFC9,33B0,30,9,836FFDD114,0,139,1
T
FFFFF7,D,D62,30,B,526854F96,FFFFFFC0,1,0
FFFFFD,E,11AE,2A,4,341B4846B8,FFFFF641,139,1
A 0
1A,FFFFE5,3110,29,7,24917C2ED3,1,1,0
16,19,35CC,2B,B,838E765868,0,140,1
T
FFFFF7,D,D62,30,B,526854F96,FFFFFFC0,1,0
14,1C,5AE,2D,11,3439C0D0B4,FFFFF2B9,140,1
A 1
1A,FFFFE5,3110,29,7,24917C2ED3,1,1,0
FFFFE5,6,3C5C,2C,7,83ACEEE1ED,0,141,1
T
FFFFF7,D,D62,30,B,526854F96,FFFFFFC0,1,0
FFFFD7,FFFFE0,3030,28,4,3458395D8D,FFFFF63C,141,1
A 0
1A,FFFFE5,3110,29,7,24917C2ED3,1,1,0
FFFFD2,FFFFDD,2E32,2C,B,83CB676B30,0,142,1
T
FFFFF7,D,D62,30,B,526854F96,FFFFFFC0,1,0
FFFFF7,15,1C6,2F,13,3476B1E885,FFFFF3E1,142,1
A 1
1A,FFFFE5,3110,29,7,24917C2ED3,1,1,0
5C,FFFFEB,9BE,2F,9,83E9DFF2B2,0,143,1
T
FFFFF7,D,D62,30,B,526854F96,FFFFFFC0,1,0
FFFFF8,FFFFF4,2AFC,2C,5,34952A736E,FFFFF5D7,143,1
A 0
1A,FFFFE5,3110,29,7,24917C2ED3,1,1,0
24,20,148,2F,8,848587C0C,0,144,1
T
FFFFF7,D,D62,30,B,526854F96,FFFFFFC0,1,0
FFFFF2,FFFFFC,476,2E,13,34B3A30055,FFFFF42D,144,1
A 1
1A,FFFFE5,3110,29,7,24917C2ED3,1,1,0
C,18,381A,29,6,8426D10574,0,145,1
T
FFFFF7,D,D62,30,B,526854F96,FFFFFFC0,1,0
13,FFFFFD,5D6,2E,5,34D21B8B63,FFFFF53B,145,1
A 0
1A,FFFFE5,3110,29,7,24917C2ED3,1,1,0
C,25,3640,2A,7,8445498CCC,0,146,1
T
FFFFF7,D,D62,30,B,526854F96,FFFFFFC0,1,0
FFFFEF,FFFFF8,8BA,30,15,34F0941642,FFFFF437,146,1
A 1
1A,FFFFE5,3110,29,7,24917C2ED3,1,1,0
14,2,14F0,2B,7,8463C2163C,0,147,1
T
FFFFF7,D,D62,30,B,526854F96,FFFFFFC0,1,0
FFFFD7,FFFFD4,D78,29,3,35F0CA31B,FFFFF606,147,1
A 0
1A,FFFFE5,3110,29,7,24917C2ED3,1,1,0
36,FFFFE0,2D4C,2A,5,84823A9F9B,0,148,1
T
FFFFF7,D,D62,30,B,526854F96,FFFFFFC0,1,0
FFFFFF,31,109A,2E,12,352D852E15,FFFFF47F,148,1
A 1
1A,FFFFE5,3110,29,7,24917C2ED3,1,1,0
E,FFFFDD,2E8,2C,7,84A0B32700,0,149,1
T
FFFFF7,D,D62,30,B,526854F96,FFFFFFC0,1,0
24,5,140C,2A,4,354BFDB9AC,FFFFF5E7,149,1
A 0
1A,FFFFE5,3110,29,7,24917C2ED3,1,1,0
FFFFF8,FFFFE0,F80,2A,5,84BF2BAE60,0,150,1
T
FFFFF7,D,D62,30,B,526854F96,FFFFFFC0,1,0
3A,29,28B4,2B,7,356A7643F3,FFFFF388,150,1
A 1
1A,FFFFE5,3110,29,7,24917C2ED3,1,1,0
5D,63,2E5A,2B,7,84DDA437C6,0,151,1
T
FFFFF7,D,D62,30,B,526854F96,FFFFFFC0,1,0
1,FFFFD0,2DE2,2D,5,3588EED183,FFFFF5DD,151,1
A 0
1A,FFFFE5,3110,29,7,24917C2ED3,1,1,0
5,FFFFCF,1694,2A,6,84FC1CC115,0,152,1
T
FFFFF7,D,D62,30,B,526854F96,FFFFFFC0,1,0
FFFFED,FFFFFC,37AC,29,7,35A7675BC8,FFFFF304,152,1
A 1
1A,FFFFE5,3110,29,7,24917C2ED3,1,1,0
FFFFBF,FFFFF2,2C7C,28,6,851A954887,0,153,1
T
FFFFF7,D,D62,30,B,526854F96,FFFFFFC0,1,0
FFFFD2,FFFFD5,34CC,29,4,35C5DFE770,FFFFF57F,153,1
A 0
1A,FFFFE5,3110,29,7,24917C2ED3,1,1,0
FFFFF0,40,66E,2C,7,85390DD1E6,0,154,1
T
FFFFF7,D,D62,30,B,526854F96,FFFFFFC0,1,0
FFFFFD,13,A04,2B,11,35E458739C,FFFFF3EB,154,1
A 1
1A,FFFFE5,3110,29,7,24917C2ED3,1,1,0
6,FFFFFA,31EA,2D,8,8557865B4A,0,155,1
T
FFFFF7,D,D62,30,B,526854F96,FFFFFFC0,1,0
19,FFFFF7,346E,2A,4,362D0FE89,FFFFF575,155,1
A 0
1A,FFFFE5,3110,29,7,24917C2ED3,1,1,0
0,9,1482,2A,5,8575FEE2B3,0,156,1
T
FFFFF7,D,D62,30,B,526854F96,FFFFFFC0,1,0
17,FFFFE8,1566,2D,13,362149897A,FFFFF276,156,1
A 1
1A,FFFFE5,3110,29,7,24917C2ED3,1,1,0
30,1E,3B32,29,6,8594776C0F,0,157,1
T
FFFFF7,D,D62,30,B,526854F96,FFFFFFC0,1,0
FFFFD5,FFFFE3,18,2B,4,363FC2173E,FFFFF5E9,157,1
A 0
1A,FFFFE5,3110,29,7,24917C2ED3,1,1,0
FFFFE5,FFFFE6,E5E,30,D,85B2EFF566,0,158,1
T
FFFFF7,D,D62,30,B,526854F96,FFFFFFC0,1,0
FFFFF5,4,2AAE,2C,11,365E3AA14D,FFFFF33E,158,1
A 1
1A,FFFFE5,3110,29,7,24917C2ED3,1,1,0
FFFFD6,FFFFDD,21A,2F,8,85D1687CD4,0,159,1
T
FFFFF7,D,D62,30,B,526854F96,FFFFFFC0,1,0
11,FFFFFC,1730,27,3,367CB32C49,FFFFF5F4,159,1
A 0
1A,FFFFE5,3110,29,7,24917C2ED3,1,1,0
24,4,58,2D,C,85EFE10624,0,160,1
T
FFFFF7,D,D62,30,B,526854F96,FFFFFFC0,1,0
9,D,332E,2C,11,369B2BB93C,FFFFF488,160,1
A 1
1A,FFFFE5,3110,29,7,24917C2ED3,1,1,0
FFFFE5,0,2F2A,2F,9,86E598F9B,0,161,1
T
FFFFF7,D,D62,30,B,526854F96,FFFFFFC0,1,0
2,FFFFEC,1A8,2D,5,36B9A4450D,FFFFF599,161,1
A 0
1A,FFFFE5,3110,29,7,24917C2ED3,1,1,0
32,5E,1170,2A,A,862CD216EB,0,162,1
T
FFFFF7,D,D62,30,B,526854F96,FFFFFFC0,1,0
21,20,330E,2D,12,36D81CCF06,FFFFF2C5,162,1
A 1
1A,FFFFE5,3110,29,7,24917C2ED3,1,1,0
FFFFFF,C,3884,29,6,864B4AA069,0,163,1
T
FFFFF7,D,D62,30,B,526854F96,FFFFFFC0,1,0
FFFFD4,FFFFFF,3B5C,2B,4,36F6955BF3,FFFFF610,163,1
A 0
1A,FFFFE5,3110,29,7,24917C2ED3,1,1,0
56,33,2A56,2E,C,8669C329B1,0,164,1
T
FFFFF7,D,D62,30,B,526854F96,FFFFFFC0,1,0
FFFFFF,D,3B10,2C,B,37150DE6DD,FFFFF35F,164,1
A 1
1A,FFFFE5,3110,29,7,24917C2ED3,1,1,0
FFFFFC,29,3ED2,2C,7,86883BB124,0,165,1
T
FFFFF7,D,D62,30,B,526854F96,FFFFFFC0,1,0
FFFFF6,16,A8,2E,4,37338671D7,FFFFF65E,165,1
A 0
1A,FFFFE5,3110,29,7,24917C2ED3,1,1,0
FFFFEF,1B,1460,30,E,86A6B4387E,0,166,1
T
FFFFF7,D,D62,30,B,526854F96,FFFFFFC0,1,0
FFFFF6,6,7C4,2B,11,3751FEFCB7,FFFFF31B,166,1
A 1
1A,FFFFE5,3110,29,7,24917C2ED3,1,1,0
4,FFFFF9,2B84,2F,9,86C52CC1F6,0,167,1
T
FFFFF7,D,D62,30,B,526854F96,FFFFFFC0,1,0
15,FFFFFD,A74,2F,6,3770778A95,FFFFF4FD,167,1
A 0
1A,FFFFE5,3110,29,7,24917C2ED3,1,1,0
FFFFFD,6,32B2,2F,C,86E3A54B45,0,168,1
T
FFFFF7,D,D62,30,B,526854F96,FFFFFFC0,1,0
29,FFFFFC,F42,2E,12,378EF0149A,FFFFF346,168,1
A 1
1A,FFFFE5,3110,29,7,24917C2ED3,1,1,0
83,3E,9E4,2C,7,8721DD2BB,0,169,1
T
FFFFF7,D,D62,30,B,526854F96,FFFFFFC0,1,0
2B,8,A94,2B,4,37AD689F70,FFFFF5D1,169,1
A 0
1A,FFFFE5,3110,29,7,24917C2ED3,1,1,0
26,B,3B88,2E,6,8720965C17,0,170,1
T
FFFFF7,D,D62,30,B,526854F96,FFFFFFC0,1,0
25,2F,16E2,2D,12,37CBE12C72,FFFFF3E7,170,1
A 1
1A,FFFFE5,3110,29,7,24917C2ED3,1,1,0
37,24,138C,29,6,873F0EE585,0,171,1
T
FFFFF7,D,D62,30,B,526854F96,FFFFFFC0,1,0
22,1,3014,28,4,37EA59B752,FFFFF5BB,171,1
A 0
1A,FFFFE5,3110,29,7,24917C2ED3,1,1,0
FFFFC8,D,3A04,2D,6,875D876CE6,0,172,1
T
FFFFF7,D,D62,30,B,526854F96,FFFFFFC0,1,0
3B,25,276E,2E,13,388D24247,FFFFF470,172,1
A 1
1A,FFFFE5,3110,29,7,24917C2ED3,1,1,0
20,25,2EF4,2E,8,877BFFF646,0,173,1
T
FFFFF7,D,D62,30,B,526854F96,FFFFFFC0,1,0
25,2E,CDA,2A,4,38274ACF31,FFFFF5F6,173,1
A 0
1A,FFFFE5,3110,29,7,24917C2ED3,1,1,0
15,FFFFF1,3974,2B,B,879A787F9D,0,174,1
T
FFFFF7,D,D62,30,B,526854F96,FFFFFFC0,1,0
2C,3D,2AEA,2B,F,3845C35A14,FFFFF2CB,174,1
A 1
1A,FFFFE5,3110,29,7,24917C2ED3,1,1,0
17,FFFFFA,3F2A,2D,7,87B8F1070C,0,175,1
T
FFFFF7,D,D62,30,B,526854F96,FFFFFFC0,1,0
10,A,BAE,28,4,38643BE4F9,FFFFF5FF,175,1
A 0
1A,FFFFE5,3110,29,7,24917C2ED3,1,1,0
24,8,1534,2B,B,87D7698E5C,0,176,1
T
FFFFF7,D,D62,30,B,526854F96,FFFFFFC0,1,0
FFFFEF,FFFFED,3070,2D,13,3882B46FF3,FFFFF3DE,176,1
A 1
1A,FFFFE5,3110,29,7,24917C2ED3,1,1,0
FFFFE0,FFFFBD,F2E,2B,6,87F5E217D5,0,177,1
T
FFFFF7,D,D62,30,B,526854F96,FFFFFFC0,1,0
FFFFF8,F,137E,2E,5,38A12CFCD6,FFFFF5BB,177,1
A 0
1A,FFFFE5,3110,29,7,24917C2ED3,1,1,0
FFFFF9,39,FF8,29,A,88145AA123,0,178,1
T
FFFFF7,D,D62,30,B,526854F96,FFFFFFC0,1,0
F,6,3CEA,2F,A,38BFA587D7,FFFFF49F,178,1
A 1
1A,FFFFE5,3110,29,7,24917C2ED3,1,1,0
29,FFFFE8,30,2A,6,8832D3289E,0,179,1
T
FFFFF7,D,D62,30,B,526854F96,FFFFFFC0,1,0
31,7,26EE,2A,4,38DE1E12BA,FFFFF5C5,179,1
A 0
1A,FFFFE5,3110,29,7,24917C2ED3,1,1,0
FFFFE1,E,2A2A,2C,B,88514BB1EA,0,180,1
T
FFFFF7,D,D62,30,B,526854F96,FFFFFFC0,1,0
FFFFFB,18,EF8,29,E,38FC969FA4,FFFFF384,180,1
A 1
1A,FFFFE5,3110,29,7,24917C2ED3,1,1,0
FFFFEA,FFFFCC,166,2B,7,886FC43B67,0,181,1
T
FFFFF7,D,D62,30,B,526854F96,FFFFFFC0,1,0
F,19,3A9A,2B,5,391B0F2B2A,FFFFF530,181,1
A 0
1A,FFFFE5,3110,29,7,24917C2ED3,1,1,0
FFFFB3,FFFFF9,C12,31,E,888E3CC2AD,0,182,1
T
FFFFF7,D,D62,30,B,526854F96,FFFFFFC0,1,0
FFFFF7,E,316A,2C,11,393987B58C,FFFFF338,182,1
A 1
1A,FFFFE5,3110,29,7,24917C2ED3,1,1,0
14,5D,2E68,28,6,88ACB54C2D,0,183,1
T
FFFFF7,D,D62,30,B,526854F96,FFFFFFC0,1,0
12,27,2A16,2D,5,3958004331,FFFFF60D,183,1
A 0
1A,FFFFE5,3110,29,7,24917C2ED3,1,1,0
FFFFEA,FFFFD4,3B56,2C,C,88CB2DD57B,0,184,1
T
FFFFF7,D,D62,30,B,526854F96,FFFFFFC0,1,0
FFFFF3,2A,3946,2E,12,397678CD62,FFFFF3A7,184,1
A 1
1A,FFFFE5,3110,29,7,24917C2ED3,1,1,0
22,51,3308,2C,8,88E9A65CE7,0,185,1
T
FFFFF7,D,D62,30,B,526854F96,FFFFFFC0,1,0
21,23,185C,2D,5,3994F15856,FFFFF5B6,185,1
A 0
1A,FFFFE5,3110,29,7,24917C2ED3,1,1,0
FFFFC8,FFFFF6,B2A,2B,B,8981EE440,0,186,1
T
FFFFF7,D,D62,30,B,526854F96,FFFFFFC0,1,0
15,F,4B6,2C,10,39B369E33C,FFFFF347,186,1
A 1
1A,FFFFE5,3110,29,7,24917C2ED3,1,1,0
FFFF8B,FFFFBD,35BE,2A,7,8926976DBA,0,187,1
T
FFFFF7,D,D62,30,B,526854F96,FFFFFFC0,1,0
FFFFF7,FFFFF5,B0C,2D,5,39D1E26F0A,FFFFF5A2,187,1
A 0
1A,FFFFE5,3110,29,7,24917C2ED3,1,1,0
FFFFDA,FFFFFA,3A1A,30,D,89450FF507,0,188,1
T
FFFFF7,D,D62,30,B,526854F96,FFFFFFC0,1,0
FFFFD6,FFFFE6,106A,2F,13,39F05AF90D,FFFFF448,188,1
A 1
1A,FFFFE5,3110,29,7,24917C2ED3,1,1,0
FFFFE7,1,117E,2F,8,8963887C7E,0,189,1
T
FFFFF7,D,D62,30,B,526854F96,FFFFFFC0,1,0
34,3A,E08,2F,6,3AED38403,FFFFF60F,189,1
A 0
1A,FFFFE5,3110,29,7,24917C2ED3,1,1,0
4,FFFFE7,3F12,2C,5,89820105D5,0,190,1
T
FFFFF7,D,D62,30,B,526854F96,FFFFFFC0,1,0
6,10,2FA0,30,14,3A2D4C10EB,FFFFF3DD,190,1
A 1
1A,FFFFE5,3110,29,7,24917C2ED3,1,1,0
FFFFDE,FFFFE5,1256,2C,7,89A0798F41,0,191,1
T
FFFFF7,D,D62,30,B,526854F96,FFFFFFC0,1,0
4,FFFFD6,18A4,2B,4,3A4BC49BCD,FFFFF678,191,1
A 0
1A,FFFFE5,3110,29,7,24917C2ED3,1,1,0
8,22,2C68,2B,7,89BEF2169A,0,192,1
T
FFFFF7,D,D62,30,B,526854F96,FFFFFFC0,1,0
2A,1E,3FC8,30,16,3A6A3D26CE,FFFFF35E,192,1
A 1
1A,FFFFE5,3110,29,7,24917C2ED3,1,1,0
2D,1D,3ADA,29,6,89DD6AA005,0,193,1
T
FFFFF7,D,D62,30,B,526854F96,FFFFFFC0,1,0
6,FFFFF0,9CC,2A,4,3A88B5B3AD,FFFFF589,193,1
A 0
1A,FFFFE5,3110,29,7,24917C2ED3,1,1,0
2,3,FEC,2E,D,89FBE32955,0,194,1
T
FFFFF7,D,D62,30,B,526854F96,FFFFFFC0,1,0
5,2,106A,2B,10,3AA72E3E97,FFFFF39F,194,1
A 1
1A,FFFFE5,3110,29,7,24917C2ED3,1,1,0
FFFFDA,9,139C,2C,7,8A1A5BB0CA,0,195,1
T
FFFFF7,D,D62,30,B,526854F96,FFFFFFC0,1,0
9,FFFFE1,3B3A,2B,4,3AC5A6CA86,FFFFF58A,195,1
A 0
1A,FFFFE5,3110,29,7,24917C2ED3,1,1,0
2E,1B,356,2B,B,8A38D43A1E,0,196,1
T
FFFFF7,D,D62,30,B,526854F96,FFFFFFC0,1,0
4A,4E,187C,2F,15,3AE41F5682,FFFFF2D0,196,1
A 1
1A,FFFFE5,3110,29,7,24917C2ED3,1,1,0
16,FFFFFA,1754,29,6,8A574CC389,0,197,1
T
FFFFF7,D,D62,30,B,526854F96,FFFFFFC0,1,0
29,16,3EB2,29,4,3B297E255,FFFFF636,197,1
A 0
1A,FFFFE5,3110,29,7,24917C2ED3,1,1,0
FFFFF7,FFFFF3,346C,2E,D,8A75C54ADB,0,198,1
T
FFFFF7,D,D62,30,B,526854F96,FFFFFFC0,1,0
FFFFE3,FFFFED,2DCA,28,E,3B21106C50,FFFFF23F,198,1
A 1
1A,FFFFE5,3110,29,7,24917C2ED3,1,1,0
5,FFFFC4,1D8,2E,8,8A943DD453,0,199,1
T
FFFFF7,D,D62,30,B,526854F96,FFFFFFC0,1,0
17,FFFFFC,16C6,2E,4,3B3F88F93E,FFFFF647,199,1
A 0
1A,FFFFE5,3110,29,7,24917C2ED3,1,1,0
9,FFFFF2,3B0A,2A,5,8AB2B65DB9,0,200,1
T
FFFFF7,D,D62,30,B,526854F96,FFFFFFC0,1,0
FFFFFB,FFFFFD,342A,2C,11,3B5E018437,FFFFF346,200,1
A 1
1A,FFFFE5,3110,29,7,24917C2ED3,1,1,0
13,FFFFC4,316A,2F,9,8AD12EE514,0,201,1
T
FFFFF7,D,D62,30,B,526854F96,FFFFFFC0,1,0
13,F,2E9E,2B,4,3B7C7A0FEF,FFFFF5F9,201,1
A 0
1A,FFFFE5,3110,29,7,24917C2ED3,1,1,0
A,FFFFD3,D08,2B,B,8AEFA76C66,0,202,1
T
FFFFF7,D,D62,30,B,526854F96,FFFFFFC0,1,0
FFFFE3,FFFFF0,3D82,2E,14,3B9AF29A0E,FFFFF401,202,1
A 1
1A,FFFFE5,3110,29,7,24917C2ED3,1,1,0
19,FFFFEB,139C,2C,7,8BE1FF5DF,0,203,1
T
FFFFF7,D,D62,30,B,526854F96,FFFFFFC0,1,0
11,C,33C0,2F,5,3BB96B27C2,FFFFF56B,203,1
A 0
1A,FFFFE5,3110,29,7,24917C2ED3,1,1,0
FFFFC7,FFFFD7,2B8,29,A,8B2C987F2E,0,204,1
T
FFFFF7,D,D62,30,B,526854F96,FFFFFFC0,1,0
FFFFEB,FFFFFD,53E,29,7,3BD7E3B1E5,FFFFF3C9,204,1
A 1
1A,FFFFE5,3110,29,7,24917C2ED3,1,1,0
9,FFFFF7,3C84,30,9,8B4B1106AE,0,205,1
T
FFFFF7,D,D62,30,B,526854F96,FFFFFFC0,1,0
32,FFFFF2,1314,2B,4,3BF65C3CC0,FFFFF5B5,205,1
A 0
1A,FFFFE5,3110,29,7,24917C2ED3,1,1,0
B,FFFFF0,3078,2B,B,8B69898FF4,0,206,1
T
FFFFF7,D,D62,30,B,526854F96,FFFFFFC0,1,0
3,1B,175C,2E,9,3C14D4C9CC,FFFFF401,206,1
A 1
1A,FFFFE5,3110,29,7,24917C2ED3,1,1,0
FFFFFF,FFFFE3,3FBA,29,6,8B8802196B,0,207,1
T
FFFFF7,D,D62,30,B,526854F96,FFFFFFC0,1,0
15,1D,169C,2E,5,3C334D54BB,FFFFF5D2,207,1
A 0
1A,FFFFE5,3110,29,7,24917C2ED3,1,1,0
B,1C,151C,2C,C,8BA67AA0BB,0,208,1
T
FFFFF7,D,D62,30,B,526854F96,FFFFFFC0,1,0
A,C,3994,2C,10,3C51C5DF92,FFFFF2D0,208,1
A 1
1A,FFFFE5,3110,29,7,24917C2ED3,1,1,0
12,6,2E4A,2B,7,8BC4F32A3B,0,209,1
T
FFFFF7,D,D62,30,B,526854F96,FFFFFFC0,1,0
FFFFD3,1D,BE0,28,4,3C703E6C79,FFFFF5A9,209,1
A 0
1A,FFFFE5,3110,29,7,24917C2ED3,1,1,0
FFFFEE,F,ABA,2A,A,8BE36BB387,0,210,1
T
FFFFF7,D,D62,30,B,526854F96,FFFFFFC0,1,0
1E,7,7B4,29,F,3C8EB6F773,FFFFF391,210,1
A 1
1A,FFFFE5,3110,29,7,24917C2ED3,1,1,0
FFFFF8,FFFFAF,B04,2F,8,8C1E43B02,0,211,1
T
FFFFF7,D,D62,30,B,526854F96,FFFFFFC0,1,0
FFFFDE,7,3C90,28,3,3CAD2F8345,FFFFF5AC,211,1
A 0
1A,FFFFE5,3110,29,7,24917C2ED3,1,1,0
FFFFEA,FFFFEA,3D54,2B,5,8C205CC259,0,212,1
T
FFFFF7,D,D62,30,B,526854F96,FFFFFFC0,1,0
2F,6,1552,29,F,3CCBA80D4D,FFFFF2C2,212,1
A 1
1A,FFFFE5,3110,29,7,24917C2ED3,1,1,0
11,34,36CC,28,6,8C3ED54BC1,0,213,1
T
FFFFF7,D,D62,30,B,526854F96,FFFFFFC0,1,0
1F,21,3FD2,2B,4,3CEA209A3E,FFFFF55E,213,1
A 0
1A,FFFFE5,3110,29,7,24917C2ED3,1,1,0
FFFFDF,FFFFDA,3188,2A,A,8C5D4DD511,0,214,1
T
FFFFF7,D,D62,30,B,526854F96,FFFFFFC0,1,0
11,FFFFFA,2FE8,28,E,3D8992525,FFFFF32E,214,1
A 1
1A,FFFFE5,3110,29,7,24917C2ED3,1,1,0
FFFFFB,7,3ABA,30,9,8C7BC65C89,0,215,1
T
FFFFF7,D,D62,30,B,526854F96,FFFFFFC0,1,0
28,1F,2F5A,28,3,3D2711B026,FFFFF596,215,1
A 0
1A,FFFFE5,3110,29,7,24917C2ED3,1,1,0
FFFFEC,A,2910,2A,B,8C9A3EE5D5,0,216,1
T
FFFFF7,D,D62,30,B,526854F96,FFFFFFC0,1,0
FFFFF1,1A,3C1C,2C,11,3D458A3CFC,FFFFF36C,216,1
A 1
1A,FFFFE5,3110,29,7,24917C2ED3,1,1,0
3,FFFFF8,28F2,29,6,8CB8B76F4B,0,217,1
T
FFFFF7,D,D62,30,B,526854F96,FFFFFFC0,1,0
5,1D,EE2,27,3,3D6402C803,FFFFF5DE,217,1
A 0
1A,FFFFE5,3110,29,7,24917C2ED3,1,1,0
FFFFEE,FFFFF6,12DC,2F,8,8CD72FF6AB,0,218,1
T
FFFFF7,D,D62,30,B,526854F96,FFFFFFC0,1,0
FFFFEF,9,12A,2F,14,3D827B52DB,FFFFF2F6,218,1
A 1
1A,FFFFE5,3110,29,7,24917C2ED3,1,1,0
FFFFCE,FFFFFF,13E8,2F,9,8CF5A88013,0,219,1
T
FFFFF7,D,D62,30,B,526854F96,FFFFFFC0,1,0
22,32,FC0,2C,4,3DA0F3DFC8,FFFFF5FB,219,1
A 0
1A,FFFFE5,3110,29,7,24917C2ED3,1,1,0
FFFFF9,FFFFF4,1068,2C,6,8D1421097C,0,220,1
T
FFFFF7,D,D62,30,B,526854F96,FFFFFFC0,1,0
FFFFFB,FFFFE2,D72,2A,F,3DBF6C6AB7,FFFFF388,220,1
A 1
1A,FFFFE5,3110,29,7,24917C2ED3,1,1,0
34,A,2EFA,29,6,8D329990DF,0,221,1
T
FFFFF7,D,D62,30,B,526854F96,FFFFFFC0,1,0
36,1D,176A,28,4,3DDDE4F5AC,FFFFF595,221,1
A 0
1A,FFFFE5,3110,29,7,24917C2ED3,1,1,0
E,FFFFF5,379E,2D,C,8D51121A2F,0,222,1
T
FFFFF7,D,D62,30,B,526854F96,FFFFFFC0,1,0
11,FFFFFD,1660,2A,10,3DFC5D828F,FFFFF436,222,1
A 1
1A,FFFFE5,3110,29,7,24917C2ED3,1,1,0
FFFFD0,FFFFE2,3F08,2C,7,8D6F8AA39D,0,223,1
T
FFFFF7,D,D62,30,B,526854F96,FFFFFFC0,1,0
FFFFDE,FFFFCA,277C,2B,4,3E1AD60D7D,FFFFF655,223,1
A 0
1A,FFFFE5,3110,29,7,24917C2ED3,1,1,0
FFFFB8,FFFFA3,3664,2C,B,8D8E032AEB,0,224,1
T
FFFFF7,D,D62,30,B,526854F96,FFFFFFC0,1,0
9,FFFFE8,2ECA,2C,12,3E394E985B,FFFFF27E,224,1
A 1
1A,FFFFE5,3110,29,7,24917C2ED3,1,1,0
44,6,EB8,2C,7,8DAC7BB26F,0,225,1
T
FFFFF7,D,D62,30,B,526854F96,FFFFFFC0,1,0
B,A,32BA,2B,4,3E57C72352,FFFFF60E,225,1
A 0
1A,FFFFE5,3110,29,7,24917C2ED3,1,1,0
FFFFEB,FFFFEC,BF0,2B,B,8DCAF43BBD,0,226,1
T
FFFFF7,D,D62,30,B,526854F96,FFFFFFC0,1,0
F,FFFFF0,3F2A,29,E,3E763FAE40,FFFFF3E6,226,1
A 1
1A,FFFFE5,3110,29,7,24917C2ED3,1,1,0
FFFFCD,3,2846,2C,7,8DE96CC33A,0,227,1
T
FFFFF7,D,D62,30,B,526854F96,FFFFFFC0,1,0
FFFFF8,7,158,2B,4,3E94B83A19,FFFFF631,227,1
A 0
1A,FFFFE5,3110,29,7,24917C2ED3,1,1,0
14,1A,3476,2A,A,8E7E54A87,0,228,1
T
FFFFF7,D,D62,30,B,526854F96,FFFFFFC0,1,0
FFFFE6,FFFFFC,E3A,2F,15,3EB330C41E,FFFFF29F,228,1
A 1
1A,FFFFE5,3110,29,7,24917C2ED3,1,1,0
FFFFEE,FFFFC1,110E,2E,9,8E265DD402,0,229,1
T
FFFFF7,D,D62,30,B,526854F96,FFFFFFC0,1,0
0,FFFFE0,1678,28,3,3ED1A95103,FFFFF640,229,1
A 0
1A,FFFFE5,3110,29,7,24917C2ED3,1,1,0
1C,FFFFD4,2F26,2E,6,8E44D65D59,0,230,1
T
FFFFF7,D,D62,30,B,526854F96,FFFFFFC0,1,0
A,FFFFF9,173C,2E,13,3EF021DBF9,FFFFF3B0,230,1
A 1
1A,FFFFE5,3110,29,7,24917C2ED3,1,1,0
FFFFF8,FFFFF2,2906,30,9,8E634EE4C6,0,231,1
T
FFFFF7,D,D62,30,B,526854F96,FFFFFFC0,1,0
FFFFE2,FFFFF8,3696,28,3,3FE9A67BA,FFFFF58B,231,1
A 0
1A,FFFFE5,3110,29,7,24917C2ED3,1,1,0
FFFFD1,FFFFE2,A8,2F,6,8E81C76E2F,0,232,1
T
FFFFF7,D,D62,30,B,526854F96,FFFFFFC0,1,0
FFFFE9,FFFFCE,3542,2D,9,3F2D12F3CA,FFFFF36D,232,1
A 1
1A,FFFFE5,3110,29,7,24917C2ED3,1,1,0
41,30,E88,2B,7,8EA03FF788,0,233,1
T
FFFFF7,D,D62,30,B,526854F96,FFFFFFC0,1,0
FFFFF9,4,1256,2D,5,3F4B8B7ECD,FFFFF572,233,1
A 0
1A,FFFFE5,3110,29,7,24917C2ED3,1,1,0
FFFFE2,9,3A5A,29,5,8EBEB87EE9,0,234,1
T
FFFFF7,D,D62,30,B,526854F96,FFFFFFC0,1,0
1,39,3EEA,2A,7,3F6A0409AD,FFFFF436,234,1
A 1
1A,FFFFE5,3110,29,7,24917C2ED3,1,1,0
3,18,17B4,2A,6,8EDD31084C,0,235,1
T
FFFFF7,D,D62,30,B,526854F96,FFFFFFC0,1,0
FFFFCD,3,2CAC,2C,5,3F887C9774,FFFFF577,235,1
A 0
1A,FFFFE5,3110,29,7,24917C2ED3,1,1,0
22,31,2FCA,29,5,8EFBA991B2,0,236,1
T
FFFFF7,D,D62,30,B,526854F96,FFFFFFC0,1,0
FFFFDF,FFFFFA,EB0,2A,E,3FA6F52182,FFFFF3CA,236,1
A 1
1A,FFFFE5,3110,29,7,24917C2ED3,1,1,0
D,FFFFE1,AD4,2A,7,8F1A221913,0,237,1
T
FFFFF7,D,D62,30,B,526854F96,FFFFFFC0,1,0
FFFFFA,9,32A8,28,3,3FC56DAD3F,FFFFF5E7,237,1
A 0
1A,FFFFE5,3110,29,7,24917C2ED3,1,1,0
A,6,2F96,2D,6,8F389AA07A,0,238,1
T
FFFFF7,D,D62,30,B,526854F96,FFFFFFC0,1,0
1,15,1832,2A,F,3FE3E63759,FFFFF398,238,1
A 1
1A,FFFFE5,3110,29,7,24917C2ED3,1,1,0
C,FFFFD2,28A,2F,8,8F571329DF,0,239,1
T
FFFFF7,D,D62,30,B,526854F96,FFFFFFC0,1,0
FFFFCA,FFFFFB,31F2,2B,4,4025EC463,FFFFF53B,239,1
A 0
1A,FFFFE5,3110,29,7,24917C2ED3,1,1,0
FFFFD2,FFFFC1,33BE,2B,B,8F758BB329,0,240,1
T
FFFFF7,D,D62,30,B,526854F96,FFFFFFC0,1,0
13,30,3606,2F,14,4020D74F41,FFFFF378,240,1
A 1
1A,FFFFE5,3110,29,7,24917C2ED3,1,1,0
4E,10,1066,2E,8,8F94043AA6,0,241,1
T
FFFFF7,D,D62,30,B,526854F96,FFFFFFC0,1,0
FFFFDF,FFFFCA,38F4,2E,5,403F4FDA2A,FFFFF57A,241,1
A 0
1A,FFFFE5,3110,29,7,24917C2ED3,1,1,0
C,1A,972,2D,C,8FB27CC3EF,0,242,1
T
FFFFF7,D,D62,30,B,526854F96,FFFFFFC0,1,0
FFFFD7,FFFFED,3DCE,28,E,405DC86712,FFFFF273,242,1
A 1
1A,FFFFE5,3110,29,7,24917C2ED3,1,1,0
2F,33,27C4,2E,8,8FD0F54D77,0,243,1
T
FFFFF7,D,D62,30,B,526854F96,FFFFFFC0,1,0
FFFFFF,5,3E2A,2E,4,407C40F215,FFFFF631,243,1
A 0
1A,FFFFE5,3110,29,7,24917C2ED3,1,1,0
3,FFFFE0,3DCA,2A,A,8FEF6DD4BD,0,244,1
T
FFFFF7,D,D62,30,B,526854F96,FFFFFFC0,1,0
FFFFDA,17,C72,2C,11,409AB97CF4,FFFFF2B9,244,1
A 1
1A,FFFFE5,3110,29,7,24917C2ED3,1,1,0
3,FFFFF3,DD0,29,6,90DE65E37,0,245,1
T
FFFFF7,D,D62,30,B,526854F96,FFFFFFC0,1,0
9,15,9A0,28,4,40B9320A96,FFFFF5E5,245,1
A 0
1A,FFFFE5,3110,29,7,24917C2ED3,1,1,0
6A,65,288C,2B,B,902C5EE78A,0,246,1
T
FFFFF7,D,D62,30,B,526854F96,FFFFFFC0,1,0
FFFFE6,27,12D0,2C,10,40D7AA94CA,FFFFF475,246,1
A 1
1A,FFFFE5,3110,29,7,24917C2ED3,1,1,0
FFFFEE,FFFFE6,3E62,2A,6,904AD76F03,0,247,1
T
FFFFF7,D,D62,30,B,526854F96,FFFFFFC0,1,0
FFFFE2,FFFFEC,386,27,3,40F6231FAD,FFFFF577,247,1
A 0
1A,FFFFE5,3110,29,7,24917C2ED3,1,1,0
FFFFF7,FFFFE6,14BE,2F,D,90694FF64F,0,248,1
T
FFFFF7,D,D62,30,B,526854F96,FFFFFFC0,1,0
FFFFE5,FFFFE2,2B42,2B,10,41149BAA98,FFFFF360,248,1
A 1
1A,FFFFE5,3110,29,7,24917C2ED3,1,1,0
FFFFDB,FFFFCC,EA0,2D,7,9087C87FC5,0,249,1
T
FFFFF7,D,D62,30,B,526854F96,FFFFFFC0,1,0
FFFFF1,FFFFDE,124E,29,4,413314387B,FFFFF5D1,249,1
A 0
1A,FFFFE5,3110,29,7,24917C2ED3,1,1,0
20,FFFFFB,10C4,30,7,90A6410928,0,250,1
T
FFFFF7,D,D62,30,B,526854F96,FFFFFFC0,1,0
FFFFC6,FFFFCC,3856,2D,12,41518CC282,FFFFF34F,250,1
A 1
1A,FFFFE5,3110,29,7,24917C2ED3,1,1,0
5F,15,48E,2E,8,90C4B9908B,0,251,1
T
FFFFF7,D,D62,30,B,526854F96,FFFFFFC0,1,0
1C,17,3C04,28,4,4170054D4A,FFFFF5A1,251,1
A 0
1A,FFFFE5,3110,29,7,24917C2ED3,1,1,0
A,1D,10A4,2B,B,90E33219DA,0,252,1
T
FFFFF7,D,D62,30,B,526854F96,FFFFFFC0,1,0
FFFFBF,FFFFEE,1AE,2B,F,418E7DDA4C,FFFFF337,252,1
A 1
1A,FFFFE5,3110,29,7,24917C2ED3,1,1,0
FFFFFA,FFFFED,132C,29,6,911AAA34F,0,253,1
T
FFFFF7,D,D62,30,B,526854F96,FFFFFFC0,1,0
FFFFFB,0,2B4E,2D,5,41ACF6654A,FFFFF5C0,253,1
A 0
1A,FFFFE5,3110,29,7,24917C2ED3,1,1,0
FFFFDB,FFFFF9,10DE,2D,C,9120232A9D,0,254,1
T
FFFFF7,D,D62,30,B,526854F96,FFFFFFC0,1,0
FFFFF9,1F,1304,29,F,41CB6EF022,FFFFF406,254,1
A 1
1A,FFFFE5,3110,29,7,24917C2ED3,1,1,0
22,21,2C44,29,6,913E9BB416,0,255,1
T
FFFFF7,D,D62,30,B,526854F96,FFFFFFC0,1,0
18,1E,2E7C,2E,5,41E9E77D2F,FFFFF59A,255,1
A 0
1A,FFFFE5,3110,29,7,24917C2ED3,1,1,0
46,18,448,2C,C,915D143D66,0,0,1
T
FFFFF7,D,D62,30,B,526854F96,FFFFFFC0,1,0
32,0,2A24,2B,10,428600803,FFFFF3F0,0,1
A 1
1A,FFFFE5,3110,29,7,24917C2ED3,1,1,0
FFFFB6,FFFFCC,1196,2B,7,917B8CC4DF,0,1,1
T
FFFFF7,D,D62,30,B,526854F96,FFFFFFC0,1,0
23,17,3EE8,2C,4,4226D893D8,FFFFF637,1,1
A 0
1A,FFFFE5,3110,29,7,24917C2ED3,1,1,0
E,2E,460,2A,A,919A054E2D,0,2,1
T
FFFFF7,D,D62,30,B,526854F96,FFFFFFC0,1,0
FFFFC4,FFFFF7,3924,2E,9,4245511FE7,FFFFF350,2,1
A 1
1A,FFFFE5,3110,29,7,24917C2ED3,1,1,0
2D,C,2706,2F,8,91B87DD7B0,0,3,1
T
FFFFF7,D,D62,30,B,526854F96,FFFFFFC0,1,0
13,17,AB4,29,4,4263C9AB89,FFFFF607,3,1
A 0
1A,FFFFE5,3110,29,7,24917C2ED3,1,1,0
FFFFE7,FFFFE8,3BF2,2D,C,91D6F65EF5,0,4,1
T
FFFFF7,D,D62,30,B,526854F96,FFFFFFC0,1,0
26,3,A52,29,7,42824235C3,FFFFF33D,4,1
A 1
1A,FFFFE5,3110,29,7,24917C2ED3,1,1,0
FFFFE1,35,2DFA,2B,7,91F56EE681,0,5,1
T
FFFFF7,D,D62,30,B,526854F96,FFFFFFC0,1,0
FFFFF5,7,157E,29,4,42A0BAC185,FFFFF5E5,5,1
A 0
1A,FFFFE5,3110,29,7,24917C2ED3,1,1,0
4D,49,2F08,2A,A,9213E76FBC,0,6,1
T
FFFFF7,D,D62,30,B,526854F96,FFFFFFC0,1,0
D,FFFFD1,3008,28,E,42BF334B92,FFFFF382,6,1
A 1
1A,FFFFE5,3110,29,7,24917C2ED3,1,1,0
FFFFFF,3B,3884,2D,7,92325FF73D,0,7,1
T
FFFFF7,D,D62,30,B,526854F96,FFFFFFC0,1,0
2A,31,3420,2D,5,42DDABD748,FFFFF5D8,7,1
A 0
1A,FFFFE5,3110,29,7,24917C2ED3,1,1,0
FFFFF5,3,3E76,31,7,9250D87E91,0,8,1
T
FFFFF7,D,D62,30,B,526854F96,FFFFFFC0,1,0
2A,14,4DA,28,D,42FC24616F,FFFFF381,8,1
A 1
1A,FFFFE5,3110,29,7,24917C2ED3,1,1,0
13,1B,F8,28,6,926F5107FC,0,9,1
T
FFFFF7,D,D62,30,B,526854F96,FFFFFFC0,1,0
14,FFFFFA,3EAA,2B,4,431A9CEF20,FFFFF65A,9,1
A 0
1A,FFFFE5,3110,29,7,24917C2ED3,1,1,0
FFFFFC,6,37EA,2E,8,928DC99158,0,10,1
T
FFFFF7,D,D62,30,B,526854F96,FFFFFFC0,1,0
FFFFF9,1,1046,28,E,433915794A,FFFFF308,10,1
A 1
1A,FFFFE5,3110,29,7,24917C2ED3,1,1,0
33,2,3318,2C,7,92AC4218C6,0,11,1
T
FFFFF7,D,D62,30,B,526854F96,FFFFFFC0,1,0
FFFFFE,B,13A,28,3,43578E0446,FFFFF653,11,1
A 0
1A,FFFFE5,3110,29,7,24917C2ED3,1,1,0
5,FFFFF0,3B42,2E,6,92CABAA229,0,12,1
T
FFFFF7,D,D62,30,B,526854F96,FFFFFFC0,1,0
31,10,2B74,2C,10,437606911A,FFFFF3F9,12,1
A 1
1A,FFFFE5,3110,29,7,24917C2ED3,1,1,0
FFFFE4,FFFFE2,18CA,2C,7,92E9332B89,0,13,1
T
FFFFF7,D,D62,30,B,526854F96,FFFFFFC0,1,0
7,18,258,2D,5,43947F1C12,FFFFF5CB,13,1
A 0
1A,FFFFE5,3110,29,7,24917C2ED3,1,1,0
20,23,E8E,2A,A,937ABB2D7,0,14,1
T
FFFFF7,D,D62,30,B,526854F96,FFFFFFC0,1,0
12,A,3288,2E,14,43B2F7A708,FFFFF349,14,1
A 1
1A,FFFFE5,3110,29,7,24917C2ED3,1,1,0
34,46,1096,2B,6,9326243C4C,0,15,1
T
FFFFF7,D,D62,30,B,526854F96,FFFFFFC0,1,0
FFFFE4,FFFFB9,C04,2E,5,43D17034CC,FFFFF64A,15,1
A 0
1A,FFFFE5,3110,29,7,24917C2ED3,1,1,0
FFFF95,FFFFE1,614,2D,6,93449CC5B7,0,16,1
T
FFFFF7,D,D62,30,B,526854F96,FFFFFFC0,1,0
6,25,2F2,2E,12,43EFE8BECF,FFFFF394,16,1
A 1
1A,FFFFE5,3110,29,7,24917C2ED3,1,1,0
1B,12,3CF4,2F,9,9363154D16,0,17,1
T
FFFFF7,D,D62,30,B,526854F96,FFFFFFC0,1,0
2,1,1844,2A,4,44E614A9A,FFFFF649,17,1
A 0
1A,FFFFE5,3110,29,7,24917C2ED3,1,1,0
10,FFFFE4,154E,2E,C,93818DD466,0,18,1
T
FFFFF7,D,D62,30,B,526854F96,FFFFFFC0,1,0
FFFFEF,FFFFE9,1184,29,E,442CD9D4B0,FFFFF402,18,1
A 1
1A,FFFFE5,3110,29,7,24917C2ED3,1,1,0
2E,37,2B1C,2D,8,93A0065DDD,0,19,1
T
FFFFF7,D,D62,30,B,526854F96,FFFFFFC0,1,0
7,4,2EEC,2D,5,444B526283,FFFFF5E9,19,1
A 0
1A,FFFFE5,3110,29,7,24917C2ED3,1,1,0
FFFFEA,FFFFCD,33D4,2B,B,93BE7EE728,0,20,1
T
FFFFF7,D,D62,30,B,526854F96,FFFFFFC0,1,0
FFFFFF,13,3A04,28,E,4469CAEC93,FFFFF412,20,1
A 1
1A,FFFFE5,3110,29,7,24917C2ED3,1,1,0
FFFF8F,FFFFDB,3252,2C,8,93DCF76EA2,0,21,1
T
FFFFF7,D,D62,30,B,526854F96,FFFFFFC0,1,0
2C,29,3CD0,2E,5,4488437791,FFFFF5F8,21,1
A 0
1A,FFFFE5,3110,29,7,24917C2ED3,1,1,0
1A,38,28,2C,B,93FB6FF7EF,0,22,1
T
FFFFF7,D,D62,30,B,526854F96,FFFFFFC0,1,0
A,1,C48,28,E,44A6BC046C,FFFFF3AF,22,1
A 1
1A,FFFFE5,3110,29,7,24917C2ED3,1,1,0
2C,E,16A4,2B,7,9419E8817D,0,23,1
T
FFFFF7,D,D62,30,B,526854F96,FFFFFFC0,1,0
5,FFFFE6,2FAA,2F,5,44C5348F6A,FFFFF5B7,23,1
A 0
1A,FFFFE5,3110,29,7,24917C2ED3,1,1,0
40,9,17EA,2A,A,94386108C0,0,24,1
T
FFFFF7,D,D62,30,B,526854F96,FFFFFFC0,1,0
B,2,28B0,2B,10,44E3AD1A44,FFFFF37B,24,1
A 1
1A,FFFFE5,3110,29,7,24917C2ED3,1,1,0
FFFFFF,FFFFE4,5A4,29,6,9456D99238,0,25,1
T
FFFFF7,D,D62,30,B,526854F96,FFFFFFC0,1,0
21,1,1764,2A,4,45225A7FF,FFFFF5B9,25,1
A 0
1A,FFFFE5,3110,29,7,24917C2ED3,1,1,0
FFFFE0,5,D78,2B,B,9475521B87,0,26,1
T
FFFFF7,D,D62,30,B,526854F96,FFFFFFC0,1,0
FFFFFA,FFFFC5,3A76,2B,10,45209E3219,FFFFF2FD,26,1
A 1
1A,FFFFE5,3110,29,7,24917C2ED3,1,1,0
23,62,3706,2E,8,9493CAA2FF,0,27,1
T
FFFFF7,D,D62,30,B,526854F96,FFFFFFC0,1,0
E,A,293C,28,3,453F16BD1B,FFFFF57D,27,1
A 0
1A,FFFFE5,3110,29,7,24917C2ED3,1,1,0
FFFFD9,FFFFC4,324,2E,8,94B2432A57,0,28,1
T
FFFFF7,D,D62,30,B,526854F96,FFFFFFC0,1,0
C,32,C1C,2D,13,455D8F4800,FFFFF360,28,1
A 1
1A,FFFFE5,3110,29,7,24917C2ED3,1,1,0
1B,13,1858,29,6,94D0BBB3C3,0,29,1
T
FFFFF7,D,D62,30,B,526854F96,FFFFFFC0,1,0
FFFFE4,B,1060,2A,4,457C07D5C8,FFFFF55F,29,1
A 0
1A,FFFFE5,3110,29,7,24917C2ED3,1,1,0
FFFFEA,FFFFF2,3B5A,2A,5,94EF343D24,0,30,1
T
FFFFF7,D,D62,30,B,526854F96,FFFFFFC0,1,0
7,3A,17D0,2A,7,459A805FD8,FFFFF2D4,30,1
A 1
1A,FFFFE5,3110,29,7,24917C2ED3,1,1,0
26,1B,782,2C,7,95DACC48C,0,31,1
T
FFFFF7,D,D62,30,B,526854F96,FFFFFFC0,1,0
FFFFFD,4,21C,27,3,45B8F8EB75,FFFFF5F6,31,1
A 0
1A,FFFFE5,3110,29,7,24917C2ED3,1,1,0
1C,FFFFC9,3098,2D,C,952C254DD7,0,32,1
T
FFFFF7,D,D62,30,B,526854F96,FFFFFFC0,1,0
FFFFF3,FFFFF8,3162,29,7,45D77177BE,FFFFF43B,32,1
A 1
1A,FFFFE5,3110,29,7,24917C2ED3,1,1,0
1D,21,374E,2D,8,954A9DD748,0,33,1
T
FFFFF7,D,D62,30,B,526854F96,FFFFFFC0,1,0
1,1,B04,2D,5,45F5EA0337,FFFFF587,33,1
A 0
1A,FFFFE5,3110,29,7,24917C2ED3,1,1,0
FFFFF4,FFFFE1,394,2C,C,9569165E9C,0,34,1
T
FFFFF7,D,D62,30,B,526854F96,FFFFFFC0,1,0
12,16,3FD0,2C,11,4614628D85,FFFFF405,34,1
A 1
1A,FFFFE5,3110,29,7,24917C2ED3,1,1,0
FFFFC5,6,1788,2F,8,95878EE811,0,35,1
T
FFFFF7,D,D62,30,B,526854F96,FFFFFFC0,1,0
FFFFEA,E,3144,29,4,4632DB1A75,FFFFF54B,35,1
A 0
1A,FFFFE5,3110,29,7,24917C2ED3,1,1,0
15,7,3B0A,2E,7,95A6077171,0,36,1
T
FFFFF7,D,D62,30,B,526854F96,FFFFFFC0,1,0
1D,FFFFFD,BB2,2D,13,465153A565,FFFFF39F,36,1
A 1
1A,FFFFE5,3110,29,7,24917C2ED3,1,1,0
FFFFDC,FFFFCB,C82,2D,8,95C47FF8D3,0,37,1
T
FFFFF7,D,D62,30,B,526854F96,FFFFFFC0,1,0
FFFFFC,FFFFE4,F50,2C,5,466FCC3110,FFFFF572,37,1
A 0
1A,FFFFE5,3110,29,7,24917C2ED3,1,1,0
0,6,F4E,2A,A,95E2F88229,0,38,1
T
FFFFF7,D,D62,30,B,526854F96,FFFFFFC0,1,0
0,FFFFFD,F36,29,E,468E44BD39,FFFFF3D0,38,1
A 1
1A,FFFFE5,3110,29,7,24917C2ED3,1,1,0
41,E,168A,30,9,961710B9E,0,39,1
T
FFFFF7,D,D62,30,B,526854F96,FFFFFFC0,1,0
1,FFFFEF,1634,2C,5,46ACBD48C8,FFFFF5A1,39,1
A 0
1A,FFFFE5,3110,29,7,24917C2ED3,1,1,0
FFFFF6,21,1130,2C,B,961FE992ED,0,40,1
T
FFFFF7,D,D62,30,B,526854F96,FFFFFFC0,1,0
14,FFFFFE,163E,2E,14,46CB35D318,FFFFF3A0,40,1
A 1
1A,FFFFE5,3110,29,7,24917C2ED3,1,1,0
4,20,C44,2E,8,963E621A6A,0,41,1
T
FFFFF7,D,D62,30,B,526854F96,FFFFFFC0,1,0
FFFFFB,FFFFF7,125E,2F,5,46E9AE5E02,FFFFF52D,41,1
A 0
1A,FFFFE5,3110,29,7,24917C2ED3,1,1,0
FFFFDE,FFFFEA,A5A,2D,C,965CDAA3BB,0,42,1
T
FFFFF7,D,D62,30,B,526854F96,FFFFFFC0,1,0
30,9,2E1E,29,E,47826E8E6,FFFFF397,42,1
A 1
1A,FFFFE5,3110,29,7,24917C2ED3,1,1,0
17,1D,DE,2E,8,967B532B3B,0,43,1
T
FFFFF7,D,D62,30,B,526854F96,FFFFFFC0,1,0
43,F,1674,2A,4,47269F73CE,FFFFF5FD,43,1
A 0
1A,FFFFE5,3110,29,7,24917C2ED3,1,1,0
FFFFF7,B,6D4,2B,B,9699CBB287,0,44,1
T
FFFFF7,D,D62,30,B,526854F96,FFFFFFC0,1,0
8,5,3BBA,2C,11,474517FECE,FFFFF358,44,1
A 1
1A,FFFFE5,3110,29,7,24917C2ED3,1,1,0
FFFFE7,FFFFF9,90A,29,7,96B8443C02,0,45,1
T
FFFFF7,D,D62,30,B,526854F96,FFFFFFC0,1,0
12,25,30A6,2B,4,4763908C8A,FFFFF5A3,45,1
A 0
1A,FFFFE5,3110,29,7,24917C2ED3,1,1,0
FFFFF5,FFFFF2,39AC,29,6,96D6BCC558,0,46,1
T
FFFFF7,D,D62,30,B,526854F96,FFFFFFC0,1,0
1E,FFFFE3,A6A,2C,12,478209169F,FFFFF3F7,46,1
A 1
1A,FFFFE5,3110,29,7,24917C2ED3,1,1,0
2E,3F,33F0,28,6,96F5354CC1,0,47,1
T
FFFFF7,D,D62,30,B,526854F96,FFFFFFC0,1,0
FFFFFE,48,D50,2D,5,47A081A1A9,FFFFF53D,47,1
A 0
1A,FFFFE5,3110,29,7,24917C2ED3,1,1,0
FFFFEF,FFFFFD,2A2E,2D,6,9713ADD628,0,48,1
T
FFFFF7,D,D62,30,B,526854F96,FFFFFFC0,1,0
41,48,159A,2A,10,47BEFA2E7D,FFFFF2FC,48,1
A 1
1A,FFFFE5,3110,29,7,24917C2ED3,1,1,0
FFFFC7,2,396C,2B,7,9732265F88,0,49,1
T
FFFFF7,D,D62,30,B,526854F96,FFFFFFC0,1,0
1,22,F6,2A,3,47DD72BA51,FFFFF5C7,49,1
A 0
1A,FFFFE5,3110,29,7,24917C2ED3,1,1,0
3,FFFFF0,141C,29,5,97509EE6E7,0,50,1
T
FFFFF7,D,D62,30,B,526854F96,FFFFFFC0,1,0
FFFFED,FFFFD7,2F2C,2D,13,47FBEB444F,FFFFF32F,50,1
A 1
1A,FFFFE5,3110,29,7,24917C2ED3,1,1,0
26,2C,29CA,29,6,976F177048,0,51,1
T
FFFFF7,D,D62,30,B,526854F96,FFFFFFC0,1,0
13,FFFFEC,28EC,2F,5,481A63D14B,FFFFF619,51,1
A 0
1A,FFFFE5,3110,29,7,24917C2ED3,1,1,0
FFFFF9,B,DB8,2F,D,978D8FF996,0,52,1
T
FFFFF7,D,D62,30,B,526854F96,FFFFFFC0,1,0
5,FFFFDE,3C2A,29,F,4838DC5C2D,FFFFF2E6,52,1
A 1
1A,FFFFE5,3110,29,7,24917C2ED3,1,1,0
FFFFFD,17,3222,2B,7,97AC088109,0,53,1
T
FFFFF7,D,D62,30,B,526854F96,FFFFFFC0,1,0
2,13,2FC4,2B,4,485754E711,FFFFF5A9,53,1
A 0
1A,FFFFE5,3110,29,7,24917C2ED3,1,1,0
6,29,2C7A,2F,7,97CA810879,0,54,1
T
FFFFF7,D,D62,30,B,526854F96,FFFFFFC0,1,0
FFFFCD,FFFFEB,19A,2F,14,4875CD720B,FFFFF397,54,1
A 1
1A,FFFFE5,3110,29,7,24917C2ED3,1,1,0
FFFFFE,A,3EDE,29,6,97E8F991DB,0,55,1
T
FFFFF7,D,D62,30,B,526854F96,FFFFFFC0,1,0
4,11,32F8,2A,4,489445FEFE,FFFFF534,55,1
A 0
1A,FFFFE5,3110,29,7,24917C2ED3,1,1,0
FFFFD7,19,3D42,2E,C,987721B26,0,56,1
T
FFFFF7,D,D62,30,B,526854F96,FFFFFFC0,1,0
14,10,C9A,30,A,48B2BE89F0,FFFFF410,56,1
A 1
1A,FFFFE5,3110,29,7,24917C2ED3,1,1,0
FFFF93,FFFFF1,2B4C,2D,7,9825EAA29F,0,57,1
T
FFFFF7,D,D62,30,B,526854F96,FFFFFFC0,1,0
FFFFE6,6,393A,2E,5,48D13714E5,FFFFF5D1,57,1
A 0
1A,FFFFE5,3110,29,7,24917C2ED3,1,1,0
6,FFFFE5,355C,29,9,9844632BE8,0,58,1
T
FFFFF7,D,D62,30,B,526854F96,FFFFFFC0,1,0
FFFFF4,17,16C2,2D,9,48EFAFA1CE,FFFFF3DE,58,1
A 1
1A,FFFFE5,3110,29,7,24917C2ED3,1,1,0
D,FFFFE7,12C4,28,6,9862DBB567,0,59,1
T
FFFFF7,D,D62,30,B,526854F96,FFFFFFC0,1,0
5,27,976,28,4,49E282D4A,FFFFF5A1,59,1
A 0
1A,FFFFE5,3110,29,7,24917C2ED3,1,1,0
1D,5F,2D8A,2E,D,9881543CB0,0,60,1
T
FFFFF7,D,D62,30,B,526854F96,FFFFFFC0,1,0
FFFFF8,FFFFEE,3C6A,2F,13,492CA0B79A,FFFFF345,60,1
A 1
1A,FFFFE5,3110,29,7,24917C2ED3,1,1,0
1B,F,3F02,2C,7,989FCCC62B,0,61,1
T
FFFFF7,D,D62,30,B,526854F96,FFFFFFC0,1,0
FFFFFB,11,39C2,2B,5,494B1944BA,FFFFF538,61,1
A 0
1A,FFFFE5,3110,29,7,24917C2ED3,1,1,0
FFFFEF,2,142C,30,D,98BE454F78,0,62,1
T
FFFFF7,D,D62,30,B,526854F96,FFFFFFC0,1,0
FFFFFA,FFFFF4,E98,2C,10,496991CF70,FFFFF3C9,62,1
A 1
1A,FFFFE5,3110,29,7,24917C2ED3,1,1,0
FFFFE6,FFFFD5,42E,2F,9,98DCBDD703,0,63,1
T
FFFFF7,D,D62,30,B,526854F96,FFFFFFC0,1,0
2,13,2B8,2C,5,49880A5A60,FFFFF643,63,1
A 0
1A,FFFFE5,3110,29,7,24917C2ED3,1,1,0
5,1,312C,2F,8,98FB365E4D,0,64,1
T
FFFFF7,D,D62,30,B,526854F96,FFFFFFC0,1,0
FFFFFC,2,3038,2B,10,49A682E54D,FFFFF33D,64,1
A 1
1A,FFFFE5,3110,29,7,24917C2ED3,1,1,0
FFFFA1,FFFF9F,3138,2F,8,9919AEE7BE,0,65,1
T
FFFFF7,D,D62,30,B,526854F96,FFFFFFC0,1,0
FFFFEC,FFFFE7,AEA,2A,4,49C4FB703A,FFFFF5ED,65,1
A 0
1A,FFFFE5,3110,29,7,24917C2ED3,1,1,0
FFFFD1,FFFFE1,3C80,29,A,9938276F0D,0,66,1
T
FFFFF7,D,D62,30,B,526854F96,FFFFFFC0,1,0
E,FFFFFE,216,2D,12,49E373FB31,FFFFF5A7,66,1
A 1
1A,FFFFE5,3110,29,7,24917C2ED3,1,1,0
FFFFB5,FFFFD5,3478,2C,7,99569FF681,0,67,1
T
FFFFF7,D,D62,30,B,526854F96,FFFFFFC0,1,0
FFFFDD,1E,2854,29,4,4A1EC860C,FFFFF5DE,67,1
A 0
1A,FFFFE5,3110,29,7,24917C2ED3,1,1,0
FFFFFA,10,2F78,31,F,9975187FD1,0,68,1
T
FFFFF7,D,D62,30,B,526854F96,FFFFFFC0,1,0
FFFFF4,2B,14DC,2E,13,4A2065130A,FFFFF1EE,68,1
A 1
1A,FFFFE5,3110,29,7,24917C2ED3,1,1,0
FFFFF9,F,368A,2F,9,9993910947,0,69,1
T
FFFFF7,D,D62,30,B,526854F96,FFFFFFC0,1,0
8,FFFFFD,1080,2B,5,4A3EDD9E00,FFFFF5FE,69,1
A 0
1A,FFFFE5,3110,29,7,24917C2ED3,1,1,0
FFFFF2,1C,11CE,2D,D,99B2099097,0,70,1
T
FFFFF7,D,D62,30,B,526854F96,FFFFFFC0,1,0
11,E,3A64,2F,13,4A5D5628E1,FFFFF329,70,1
A 1
1A,FFFFE5,3110,29,7,24917C2ED3,1,1,0
FFFFE1,FFFFE2,1502,29,6,99D0821A0F,0,71,1
T
FFFFF7,D,D62,30,B,526854F96,FFFFFFC0,1,0
FFFFE7,FFFFE7,8,27,3,4A7BCEB5DA,FFFFF565,71,1
A 0
1A,FFFFE5,3110,29,7,24917C2ED3,1,1,0
24,7,148,2D,6,99EEFAA377,0,72,1
T
FFFFF7,D,D62,30,B,526854F96,FFFFFFC0,1,0
FFFFF7,FFFFFB,754,29,F,4A9A4740C0,FFFFF2BE,72,1
A 1
1A,FFFFE5,3110,29,7,24917C2ED3,1,1,0
FFFFFD,B,191A,2C,7,9AD732AC9,0,73,1
T
FFFFF7,D,D62,30,B,526854F96,FFFFFFC0,1,0
12,12,D60,27,3,4AB8BFCBA9,FFFFF62A,73,1
A 0
1A,FFFFE5,3110,29,7,24917C2ED3,1,1,0
FFFFCF,FFFFD2,F06,31,8,9A2BEBB434,0,74,1
T
FFFFF7,D,D62,30,B,526854F96,FFFFFFC0,1,0
C,FFFFFE,17A4,29,F,4AD7385894,FFFFF3BD,74,1
A 1
1A,FFFFE5,3110,29,7,24917C2ED3,1,1,0
14,FFFFC4,D10,2F,8,9A4A643D93,0,75,1
T
FFFFF7,D,D62,30,B,526854F96,FFFFFFC0,1,0
FFFFE5,FFFFE7,1682,29,3,4AF5B0E46C,FFFFF57D,75,1
A 0
1A,FFFFE5,3110,29,7,24917C2ED3,1,1,0
FFFFFC,1,3346,2C,B,9A68DCC4DF,0,76,1
T
FFFFF7,D,D62,30,B,526854F96,FFFFFFC0,1,0
FFFFF5,0,2EEA,2D,C,4B14296E6B,FFFFF30D,76,1
A 1
1A,FFFFE5,3110,29,7,24917C2ED3,1,1,0
FFFFED,11,186A,2C,7,9A87554C59,0,77,1
T
FFFFF7,D,D62,30,B,526854F96,FFFFFFC0,1,0
FFFFF0,2A,3DCA,2D,5,4B32A1F961,FFFFF555,77,1
A 0
1A,FFFFE5,3110,29,7,24917C2ED3,1,1,0
D,2D,32CE,31,E,9AA5CDD5A9,0,78,1
T
FFFFF7,D,D62,30,B,526854F96,FFFFFFC0,1,0
FFFFDD,FFFFEE,3B9A,29,F,4B511A8448,FFFFF47E,78,1
A 1
1A,FFFFE5,3110,29,7,24917C2ED3,1,1,0
3,FFFFEA,1070,2D,8,9AC4465D2A,0,79,1
T
FFFFF7,D,D62,30,B,526854F96,FFFFFFC0,1,0
F,5,32D0,29,3,4B6F931010,FFFFF5C3,79,1
A 0
1A,FFFFE5,3110,29,7,24917C2ED3,1,1,0
D,FFFFFC,300C,29,A,9AE2BEE47F,0,80,1
T
FFFFF7,D,D62,30,B,526854F96,FFFFFFC0,1,0
FFFFBD,FFFFED,B50,28,E,4B8E0B9A1F,FFFFF407,80,1
A 1
1A,FFFFE5,3110,29,7,24917C2ED3,1,1,0
FFFFEF,FFFFFB,40,28,6,9B1376DED,0,81,1
T
FFFFF7,D,D62,30,B,526854F96,FFFFFFC0,1,0
FFFFFD,9,367E,2E,5,4BAC842701,FFFFF614,81,1
A 0
1A,FFFFE5,3110,29,7,24917C2ED3,1,1,0
FFFFFC,FFFFDF,18FA,2D,5,9B1FAFF74E,0,82,1
T
FFFFF7,D,D62,30,B,526854F96,FFFFFFC0,1,0
FFFFFF,6,18FA,2C,11,4BCAFCB1F6,FFFFF316,82,1
A 1
1A,FFFFE5,3110,29,7,24917C2ED3,1,1,0
39,23,A1A,2E,8,9B3E287EBB,0,83,1
T
FFFFF7,D,D62,30,B,526854F96,FFFFFFC0,1,0
10,17,17BA,30,5,4BE9753D05,FFFFF579,83,1
A 0
1A,FFFFE5,3110,29,7,24917C2ED3,1,1,0
FFFFC3,FFFFF5,1922,2D,C,9B5CA10808,0,84,1
T
FFFFF7,D,D62,30,B,526854F96,FFFFFFC0,1,0
31,FFFFF2,3290,2F,A,4C7EDC9DF,FFFFF306,84,1
A 1
1A,FFFFE5,3110,29,7,24917C2ED3,1,1,0
FFFFC9,2,3F80,2A,6,9B7B19917F,0,85,1
T
FFFFF7,D,D62,30,B,526854F96,FFFFFFC0,1,0
26,1A,9A4,28,3,4C266654E9,FFFFF61C,85,1
A 0
1A,FFFFE5,3110,29,7,24917C2ED3,1,1,0
3D,FFFFED,15A4,2F,D,9B999218D0,0,86,1
T
FFFFF7,D,D62,30,B,526854F96,FFFFFFC0,1,0
10,FFFFF2,3EA6,2B,8,4C44DEDFC3,FFFFF3AF,86,1
A 1
1A,FFFFE5,3110,29,7,24917C2ED3,1,1,0
2F,9,C62,2D,7,9BB80AA243,0,87,1
T
FFFFF7,D,D62,30,B,526854F96,FFFFFFC0,1,0
19,11,33E8,2D,5,4C63576C93,FFFFF565,87,1
A 0
1A,FFFFE5,3110,29,7,24917C2ED3,1,1,0
1F,FFFFFE,35E4,2C,C,9BD6832B95,0,88,1
T
FFFFF7,D,D62,30,B,526854F96,FFFFFFC0,1,0
FFFFFD,12,EDA,2E,13,4C81CFF793,FFFFF2E3,88,1
A 1
1A,FFFFE5,3110,29,7,24917C2ED3,1,1,0
FFFFFE,4,3C34,2B,7,9BF4FBB309,0,89,1
T
FFFFF7,D,D62,30,B,526854F96,FFFFFFC0,1,0
5,FFFFF4,170C,2B,4,4CA048827F,FFFFF5EE,89,1
A 0
1A,FFFFE5,3110,29,7,24917C2ED3,1,1,0
FFFFEC,FFFFC0,4EE,2C,6,9C13743A73,0,90,1
T
FFFFF7,D,D62,30,B,526854F96,FFFFFFC0,1,0
FFFFDB,FFFFFA,2DA2,2F,13,4CBEC10D64,FFFFF30F,90,1
A 1
1A,FFFFE5,3110,29,7,24917C2ED3,1,1,0
FFFFDF,FFFFFF,7CC,2A,6,9C31ECC3D3,0,91,1
T
FFFFF7,D,D62,30,B,526854F96,FFFFFFC0,1,0
FFFFF0,FFFFFB,30AC,29,4,4CDD399A6B,FFFFF53C,91,1
A 0
1A,FFFFE5,3110,29,7,24917C2ED3,1,1,0
FFFFE9,FFFFD5,3D1A,2E,6,9C50654D36,0,92,1
T
FFFFF7,D,D62,30,B,526854F96,FFFFFFC0,1,0
C,FFFFE8,3F80,29,F,4CFBB22546,FFFFF3C8,92,1
A 1
1A,FFFFE5,3110,29,7,24917C2ED3,1,1,0
FFFFBC,32,34D6,2B,7,9C6EDDD48F,0,93,1
T
FFFFF7,D,D62,30,B,526854F96,FFFFFFC0,1,0
FFFFF5,F,29E4,2E,4,4D1A2AB0DE,FFFFF59B,93,1
A 0
1A,FFFFE5,3110,29,7,24917C2ED3,1,1,0
FFFFF0,39,A4A,2E,C,9C8D565DE5,0,94,1
T
FFFFF7,D,D62,30,B,526854F96,FFFFFFC0,1,0
FFFFFE,3,12B6,29,F,4D38A33D15,FFFFF473,94,1
A 1
1A,FFFFE5,3110,29,7,24917C2ED3,1,1,0
1E,2F,15E2,2A,6,9CABCEE762,0,95,1
T
FFFFF7,D,D62,30,B,526854F96,FFFFFFC0,1,0
6,23,97A,2A,4,4D571BC810,FFFFF622,95,1
A 0
1A,FFFFE5,3110,29,7,24917C2ED3,1,1,0
28,1A,3D92,29,9,9CCA476EAB,0,96,1
T
FFFFF7,D,D62,30,B,526854F96,FFFFFFC0,1,0
FFFFFC,FFFFF0,3052,2B,11,4D759452F2,FFFFF346,96,1
A 1
1A,FFFFE5,3110,29,7,24917C2ED3,1,1,0
1B,FFFFE9,3E2A,2B,7,9CE8BFF818,0,97,1
T
FFFFF7,D,D62,30,B,526854F96,FFFFFFC0,1,0
FFFFF2,23,3B78,28,3,4D940CE0C4,FFFFF5EE,97,1
A 0
1A,FFFFE5,3110,29,7,24917C2ED3,1,1,0
FFFFF2,FFFFEB,E68,2A,A,9D7388171,0,98,1
T
FFFFF7,D,D62,30,B,526854F96,FFFFFFC0,1,0
A,FFFFFC,88,2A,E,4DB2856ACC,FFFFF4AE,98,1
A 1
1A,FFFFE5,3110,29,7,24917C2ED3,1,1,0
1B,29,2C44,2C,8,9D25B108F3,0,99,1
T
FFFFF7,D,D62,30,B,526854F96,FFFFFFC0,1,0
1,23,29F6,2C,5,4DD0FDF5DC,FFFFF682,99,1
A 0
1A,FFFFE5,3110,29,7,24917C2ED3,1,1,0
1,11,3D82,2E,C,9D44299037,0,100,1
T
FFFFF7,D,D62,30,B,526854F96,FFFFFFC0,1,0
8,FFFFF8,E38,2A,E,4DEF7680A2,FFFFF34A,100,1
A 1
1A,FFFFE5,3110,29,7,24917C2ED3,1,1,0
FFFFC1,FFFF9D,33B8,29,6,9D62A219AE,0,101,1
T
FFFFF7,D,D62,30,B,526854F96,FFFFFFC0,1,0
FFFFFC,FFFFF4,8B4,2A,4,4EDEF0B98,FFFFF49E,101,1
A 0
1A,FFFFE5,3110,29,7,24917C2ED3,1,1,0
FFFFD9,FFFFBB,3286,2D,6,9D811AA10F,0,102,1
T
FFFFF7,D,D62,30,B,526854F96,FFFFFFC0,1,0
B,29,2E4E,2D,12,4E2C67968A,FFFFF3B2,102,1
A 1
1A,FFFFE5,3110,29,7,24917C2ED3,1,1,0
D,23,389C,2C,8,9D9F932880,0,103,1
T
FFFFF7,D,D62,30,B,526854F96,FFFFFFC0,1,0
FFFFE2,FFFFFB,3B12,28,3,4E4AE02169,FFFFF57E,103,1
A 0
1A,FFFFE5,3110,29,7,24917C2ED3,1,1,0
FFFFDA,FFFFDA,16F2,2F,6,9DBE0BB1D2,0,104,1
T
FFFFF7,D,D62,30,B,526854F96,FFFFFFC0,1,0
FFFFF7,15,380,2C,10,4E6958AE61,FFFFF3AA,104,1
A 1
1A,FFFFE5,3110,29,7,24917C2ED3,1,1,0
FFFFBA,FFFFEB,177C,2C,7,9DDC843B3B,0,105,1
T
FFFFF7,D,D62,30,B,526854F96,FFFFFFC0,1,0
FFFFEA,FFFFFE,B5C,28,3,4E87D13A46,FFFFF68B,105,1
A 0
1A,FFFFE5,3110,29,7,24917C2ED3,1,1,0
B,4C,DC6,30,6,9DFAFCC29D,0,106,1
T
FFFFF7,D,D62,30,B,526854F96,FFFFFFC0,1,0
FFFFE3,FFFFF6,143E,2B,10,4EA649C43B,FFFFF398,106,1
A 1
1A,FFFFE5,3110,29,7,24917C2ED3,1,1,0
FFFFA2,FFFFA4,694,2E,8,9E19754C06,0,107,1
T
FFFFF7,D,D62,30,B,526854F96,FFFFFFC0,1,0
44,11,130C,2C,4,4EC4C25107,FFFFF604,107,1
A 0
1A,FFFFE5,3110,29,7,24917C2ED3,1,1,0
FFFFDD,FFFFD5,2BC6,2A,5,9E37EDD571,0,108,1
T
FFFFF7,D,D62,30,B,526854F96,FFFFFFC0,1,0
17,18,2F54,2F,15,4EE33ADC17,FFFFF421,108,1
A 1
1A,FFFFE5,3110,29,7,24917C2ED3,1,1,0
FFFFB2,7,12F4,28,6,9E56665CC7,0,109,1
T
FFFFF7,D,D62,30,B,526854F96,FFFFFFC0,1,0
1A,1A,2AD4,2A,4,4F1B3670D,FFFFF663,109,1
A 0
1A,FFFFE5,3110,29,7,24917C2ED3,1,1,0
FFFFDF,FFFFD0,1FE,2A,B,9E74DEE617,0,110,1
T
FFFFF7,D,D62,30,B,526854F96,FFFFFFC0,1,0
D,1,3B82,28,E,4F202BF3F1,FFFFF2ED,110,1
A 1
1A,FFFFE5,3110,29,7,24917C2ED3,1,1,0
FFFFE6,FFFFE0,18AA,2F,8,9E93576F8A,0,111,1
T
FFFFF7,D,D62,30,B,526854F96,FFFFFFC0,1,0
31,FFFFF4,110C,28,4,4F3EA47FC6,FFFFF592,111,1
A 0
1A,FFFFE5,3110,29,7,24917C2ED3,1,1,0
FFFFD1,FFFFEE,3732,2E,C,9EB1CFF6E3,0,112,1
T
FFFFF7,D,D62,30,B,526854F96,FFFFFFC0,1,0
1E,FFFFF3,E18,2D,8,4F5D1D09C8,FFFFF361,112,1
A 1
1A,FFFFE5,3110,29,7,24917C2ED3,1,1,0
1D,FFFFE6,A16,2A,7,9ED0488051,0,113,1
T
FFFFF7,D,D62,30,B,526854F96,FFFFFFC0,1,0
9,27,2736,2C,4,4F7B9596F4,FFFFF5D8,113,1
A 0
1A,FFFFE5,3110,29,7,24917C2ED3,1,1,0
C,FFFFF8,2EE0,2D,6,9EEEC109C1,0,114,1
T
FFFFF7,D,D62,30,B,526854F96,FFFFFFC0,1,0
D,1,2FDC,2F,A,4F9A0E23AC,FFFFF41E,114,1
A 1
1A,FFFFE5,3110,29,7,24917C2ED3,1,1,0
FFFFCD,16,3972,29,6,9FD39931A,0,115,1
T
FFFFF7,D,D62,30,B,526854F96,FFFFFFC0,1,0
22,1C,153E,2C,5,4FB886AF33,FFFFF56B,115,1
A 0
1A,FFFFE5,3110,29,7,24917C2ED3,1,1,0
26,18,1874,2D,C,9F2BB21A68,0,116,1
T
FFFFF7,D,D62,30,B,526854F96,FFFFFFC0,1,0
C,C,358,2F,14,4FD6FF3984,FFFFF367,116,1
A 1
1A,FFFFE5,3110,29,7,24917C2ED3,1,1,0
20,64,2BAC,29,6,9F4A2AA3ED,0,117,1
T
FFFFF7,D,D62,30,B,526854F96,FFFFFFC0,1,0
14,22,2B3C,2C,5,4FF577C743,FFFFF57A,117,1
A 0
1A,FFFFE5,3110,29,7,24917C2ED3,1,1,0
D,45,EF6,2B,B,9F68A32D2C,0,118,1
T
FFFFF7,D,D62,30,B,526854F96,FFFFFFC0,1,0
FFFFFA,FFFFD9,1704,29,E,5013F05157,FFFFF2D1,118,1
A 1
1A,FFFFE5,3110,29,7,24917C2ED3,1,1,0
FFFF95,FFFFD7,369E,2F,8,9F871BB4AB,0,119,1
T
FFFFF7,D,D62,30,B,526854F96,FFFFFFC0,1,0
B,FFFFFE,16A4,2E,5,503268DCFB,FFFFF59C,119,1
A 0
1A,FFFFE5,3110,29,7,24917C2ED3,1,1,0
F,FFFFEA,30E0,2A,A,9FA5943DF7,0,120,1
T
FFFFF7,D,D62,30,B,526854F96,FFFFFFC0,1,0
FFFFF1,9,39B4,2D,9,5050E1693B,FFFFF2FA,120,1
A 1
1A,FFFFE5,3110,29,7,24917C2ED3,1,1,0
11,FFFFDC,3E42,2A,6,9FC40CC773,0,121,1
T
FFFFF7,D,D62,30,B,526854F96,FFFFFFC0,1,0
FFFFFF,1B,3F4,2F,5,506F59F428,FFFFF5DA,121,1
A 0
1A,FFFFE5,3110,29,7,24917C2ED3,1,1,0
FFFFB3,FFFFE0,2A16,2D,7,9FE2854ED5,0,122,1
T
FFFFF7,D,D62,30,B,526854F96,FFFFFFC0,1,0
A,5,E6A,28,D,508DD27F10,FFFFF332,122,1
A 1
1A,FFFFE5,3110,29,7,24917C2ED3,1,1,0
2F,FFFFD9,586,2B,7,A0FDD842,0,123,1
T
FFFFF7,D,D62,30,B,526854F96,FFFFFFC0,1,0
FFFFEB,C,D08,2E,6,50AC4B0C05,FFFFF614,123,1
A 0
1A,FFFFE5,3110,29,7,24917C2ED3,1,1,0
61,1C,158A,30,6,A01F766196,0,124,1
T
FFFFF7,D,D62,30,B,526854F96,FFFFFFC0,1,0
D,13,3078,2A,F,50CAC396F0,FFFFF530,124,1
A 1
1A,FFFFE5,3110,29,7,24917C2ED3,1,1,0
FFFFFB,FFFFD2,13E4,28,6,A03DEEE904,0,125,1
T
FFFFF7,D,D62,30,B,526854F96,FFFFFFC0,1,0
2E,8,1718,2A,4,50E93C21E9,FFFFF5EF,125,1
A 0
1A,FFFFE5,3110,29,7,24917C2ED3,1,1,0
46,29,3250,2A,B,A05C677051,0,126,1
T
FFFFF7,D,D62,30,B,526854F96,FFFFFFC0,1,0
FFFFF9,1,28E,28,D,517B4ACC7,FFFFF35E,126,1
A 1
1A,FFFFE5,3110,29,7,24917C2ED3,1,1,0
FFFFED,1,F0,2E,7,A07ADFF9C5,0,127,1
T
FFFFF7,D,D62,30,B,526854F96,FFFFFFC0,1,0
33,3B,F18,2D,5,51262D3A86,FFFFF569,127,1
A 0
1A,FFFFE5,3110,29,7,24917C2ED3,1,1,0
FFFFEC,FFFFB0,2B0C,31,7,A09958832C,0,128,1
T
FFFFF7,D,D62,30,B,526854F96,FFFFFFC0,1,0
1,A,11F0,2E,12,5144A5C4A1,FFFFF408,128,1
A 1
1A,FFFFE5,3110,29,7,24917C2ED3,1,1,0
23,FFFFDF,AEC,2D,8,A0B7D10A8B,0,129,1
T
FFFFF7,D,D62,30,B,526854F96,FFFFFFC0,1,0
0,FFFFF7,1912,2A,4,51631E4F86,FFFFF5F9,129,1
A 0
1A,FFFFE5,3110,29,7,24917C2ED3,1,1,0
FFFFF9,FFFFF4,178C,2B,B,A0D64993DA,0,130,1
T
FFFFF7,D,D62,30,B,526854F96,FFFFFFC0,1,0
3,FFFFF3,34A6,29,E,518196DC7F,FFFFF42D,130,1
A 1
1A,FFFFE5,3110,29,7,24917C2ED3,1,1,0
A,11,3D62,29,6,A0F4C21D53,0,131,1
T
FFFFF7,D,D62,30,B,526854F96,FFFFFFC0,1,0
14,2B,337E,27,3,51A00F6787,FFFFF5B5,131,1
A 0
1A,FFFFE5,3110,29,7,24917C2ED3,1,1,0
FFFFEB,1,EF6,30,7,A1133AA4B8,0,132,1
T
FFFFF7,D,D62,30,B,526854F96,FFFFFFC0,1,0
4,16,A34,2F,15,51BE87F25C,FFFFF3F7,132,1
A 1
1A,FFFFE5,3110,29,7,24917C2ED3,1,1,0
55,B,2E72,28,6,A131B32E17,0,133,1
T
FFFFF7,D,D62,30,B,526854F96,FFFFFFC0,1,0
2,FFFFDB,279E,29,3,51DD007F38,FFFFF60B,133,1
A 0
1A,FFFFE5,3110,29,7,24917C2ED3,1,1,0
FFFFE5,FFFFEC,1068,2D,C,A1502BB76A,0,134,1
T
FFFFF7,D,D62,30,B,526854F96,FFFFFFC0,1,0
FFFFF7,A,2B6C,2B,F,51FB790A32,FFFFF3DD,134,1
A 1
1A,FFFFE5,3110,29,7,24917C2ED3,1,1,0
C,FFFFFF,3C9C,2C,7,A16EA43EE4,0,135,1
T
FFFFF7,D,D62,30,B,526854F96,FFFFFFC0,1,0
9,5,F9C,27,3,5219F1960B,FFFFF5F7,135,1
A 0
1A,FFFFE5,3110,29,7,24917C2ED3,1,1,0
FFFFDF,FFFFFA,31A0,2D,C,A18D1CC830,0,136,1
T
FFFFF7,D,D62,30,B,526854F96,FFFFFFC0,1,0
32,0,371C,29,E,52386A220D,FFFFF322,136,1
A 1
1A,FFFFE5,3110,29,7,24917C2ED3,1,1,0
FFFF82,FFFFB9,3596,2C,7,A1AB9551A9,0,137,1
T
FFFFF7,D,D62,30,B,526854F96,FFFFFFC0,1,0
21,15,3922,2D,5,5256E2AD12,FFFFF5AF,137,1
A 0
1A,FFFFE5,3110,29,7,24917C2ED3,1,1,0
27,3C,12C6,2A,B,A1CA0DD8F8,0,138,1
T
FFFFF7,D,D62,30,B,526854F96,FFFFFFC0,1,0
1D,20,2B6,2D,8,52755B37F5,FFFFF39E,138,1
A 1
1A,FFFFE5,3110,29,7,24917C2ED3,1,1,0
1C,FFFFF9,7AC,29,6,A1E886607D,0,139,1
T
FFFFF7,D,D62,30,B,526854F96,FFFFFFC0,1,0
FFFFF4,FFFFC6,23C,28,3,5293D3C2E7,FFFFF5E2,139,1
A 0
1A,FFFFE5,3110,29,7,24917C2ED3,1,1,0
26,31,145C,2D,B,A26FEE9C8,0,140,1
T
FFFFF7,D,D62,30,B,526854F96,FFFFFFC0,1,0
17,FFFFFA,E20,2D,8,52B24C4FCD,FFFFF40C,140,1
A 1
1A,FFFFE5,3110,29,7,24917C2ED3,1,1,0
FFFFFC,16,15DA,2D,8,A225777345,0,141,1
T
FFFFF7,D,D62,30,B,526854F96,FFFFFFC0,1,0
FFFFF3,FFFFF3,DC0,2D,4,52D0C4DAC3,FFFFF5E0,141,1
A 0
1A,FFFFE5,3110,29,7,24917C2ED3,1,1,0
8,2,3214,30,8,A243EFFA92,0,142,1
T
FFFFF7,D,D62,30,B,526854F96,FFFFFFC0,1,0
14,2,36E0,2B,F,52EF3D659E,FFFFF443,142,1
A 1
1A,FFFFE5,3110,29,7,24917C2ED3,1,1,0
F,FFFFF4,2C58,2A,6,A262688400,0,143,1
T
FFFFF7,D,D62,30,B,526854F96,FFFFFFC0,1,0
5,1E,28E4,2C,5,53DB5F294,FFFFF60A,143,1
A 0
1A,FFFFE5,3110,29,7,24917C2ED3,1,1,0
FFFFFF,12,834,2F,8,A280E10D60,0,144,1
T
FFFFF7,D,D62,30,B,526854F96,FFFFFFC0,1,0
8,FFFFFE,CB2,2F,14,532C2E7D7D,FFFFF423,144,1
A 1
1A,FFFFE5,3110,29,7,24917C2ED3,1,1,0
FFFFEA,20,1314,29,6,A29F5994CB,0,145,1
T
FFFFF7,D,D62,30,B,526854F96,FFFFFFC0,1,0
FFFFFD,FFFFEC,36BE,2C,5,534AA7085B,FFFFF509,145,1
A 0
1A,FFFFE5,3110,29,7,24917C2ED3,1,1,0
FFFF99,FFFFBE,2D24,2A,5,A2BDD21E2F,0,146,1
T
FFFFF7,D,D62,30,B,526854F96,FFFFFFC0,1,0
1C,3F,2EC2,2E,12,53691F9557,FFFFF3FB,146,1
A 1
1A,FFFFE5,3110,29,7,24917C2ED3,1,1,0
FFFFCD,FFFFA9,3340,2B,7,A2DC4AA792,0,147,1
T
FFFFF7,D,D62,30,B,526854F96,FFFFFFC0,1,0
E,1B,36CE,27,3,53879820E2,FFFFF616,147,1
A 0
1A,FFFFE5,3110,29,7,24917C2ED3,1,1,0
2E,24,9B8,29,5,A2FAC32EF7,0,148,1
T
FFFFF7,D,D62,30,B,526854F96,FFFFFFC0,1,0
FFFFF6,10,3F72,2D,12,53A610AB33,FFFFF36A,148,1
A 1
1A,FFFFE5,3110,29,7,24917C2ED3,1,1,0
FFFFD1,FFFFE5,56E,29,6,A3193BB659,0,149,1
T
FFFFF7,D,D62,30,B,526854F96,FFFFFFC0,1,0
FFFFF9,FFFFED,3242,2C,5,53C489362A,FFFFF58A,149,1
A 0
1A,FFFFE5,3110,29,7,24917C2ED3,1,1,0
31,FFFFFE,376A,2E,C,A337B43FAC,0,150,1
T
FFFFF7,D,D62,30,B,526854F96,FFFFFFC0,1,0
FFFFDB,FFFFFE,68C,2E,12,53E301C10D,FFFFF40C,150,1
A 1
1A,FFFFE5,3110,29,7,24917C2ED3,1,1,0
FFFFC8,3,2868,2D,7,A3562CC72B,0,151,1
T
FFFFF7,D,D62,30,B,526854F96,FFFFFFC0,1,0
FFFFF7,41,3BC8,27,3,5417A4CC4,FFFFF5E4,151,1
A 0
1A,FFFFE5,3110,29,7,24917C2ED3,1,1,0
FFFFE2,FFFFE6,13EC,2F,D,A374A54E6B,0,152,1
T
FFFFF7,D,D62,30,B,526854F96,FFFFFFC0,1,0
FFFFF6,FFFFE6,26F6,2D,13,541FF2D6DE,FFFFF358,152,1
A 1
1A,FFFFE5,3110,29,7,24917C2ED3,1,1,0
FFFFFD,48,3ADA,29,6,A3931DD7EF,0,153,1
T
FFFFF7,D,D62,30,B,526854F96,FFFFFFC0,1,0
FFFFDD,17,2B44,2E,5,543E6B63D4,FFFFF5A2,153,1
A 0
1A,FFFFE5,3110,29,7,24917C2ED3,1,1,0
FFFFD4,FFFFD1,3BA8,2E,C,A3B1966140,0,154,1
T
FFFFF7,D,D62,30,B,526854F96,FFFFFFC0,1,0
FFFFFF,2,3BF8,29,F,545CE3EEC2,FFFFF421,154,1
A 1
1A,FFFFE5,3110,29,7,24917C2ED3,1,1,0
FFFF6B,FFFFE3,2D2A,2C,8,A3D00EE8BC,0,155,1
T
FFFFF7,D,D62,30,B,526854F96,FFFFFFC0,1,0
FFFFC3,FFFFD7,10B0,2C,5,547B5C79AA,FFFFF590,155,1
A 0
1A,FFFFE5,3110,29,7,24917C2ED3,1,1,0
2A,15,3A7A,2F,D,A3EE877207,0,156,1
T
FFFFF7,D,D62,30,B,526854F96,FFFFFFC0,1,0
3,FFFFE5,1032,29,E,5499D50692,FFFFF45A,156,1
A 1
1A,FFFFE5,3110,29,7,24917C2ED3,1,1,0
14,2C,3B92,2E,8,A4CFFFB7F,0,157,1
T
FFFFF7,D,D62,30,B,526854F96,FFFFFFC0,1,0
6,B,67C,2C,4,54B84D91A6,FFFFF561,157,1
A 0
1A,FFFFE5,3110,29,7,24917C2ED3,1,1,0
D,FFFFF2,11A8,2E,6,A42B7882DC,0,158,1
T
FFFFF7,D,D62,30,B,526854F96,FFFFFFC0,1,0
12,2,2BEC,29,7,54D6C61C7D,FFFFF358,158,1
A 1
1A,FFFFE5,3110,29,7,24917C2ED3,1,1,0
FFFFDF,1,36A6,2D,8,A449F10C47,0,159,1
T
FFFFF7,D,D62,30,B,526854F96,FFFFFFC0,1,0
FFFFF5,FFFFE2,3554,29,4,54F53EA969,FFFFF596,159,1
A 0
1A,FFFFE5,3110,29,7,24917C2ED3,1,1,0
1F,52,1414,2B,6,A4686995A8,0,160,1
T
FFFFF7,D,D62,30,B,526854F96,FFFFFFC0,1,0
FFFFBA,FFFFCB,16E,2D,12,5513B73451,FFFFF48F,160,1
A 1
1A,FFFFE5,3110,29,7,24917C2ED3,1,1,0
56,69,47C,2F,8,A486E21D0B,0,161,1
T
FFFFF7,D,D62,30,B,526854F96,FFFFFFC0,1,0
1A,2,309A,29,4,55322FC025,FFFFF53C,161,1
A 0
1A,FFFFE5,3110,29,7,24917C2ED3,1,1,0
FFFFE9,FFFFED,127E,2C,6,A4A55AA475,0,162,1
T
FFFFF7,D,D62,30,B,526854F96,FFFFFFC0,1,0
FFFFE1,34,18D0,2C,11,5550A84A31,FFFFF464,162,1
A 1
1A,FFFFE5,3110,29,7,24917C2ED3,1,1,0
23,38,38CC,2D,8,A4C3D32DD4,0,163,1
T
FFFFF7,D,D62,30,B,526854F96,FFFFFFC0,1,0
FFFFD9,FFFFFF,3C54,2B,4,556F20D71B,FFFFF593,163,1
A 0
1A,FFFFE5,3110,29,7,24917C2ED3,1,1,0
FFFFEE,D,114C,2D,C,A4E24BB726,0,164,1
T
FFFFF7,D,D62,30,B,526854F96,FFFFFFC0,1,0
FFFFFC,FFFFDC,3E10,2F,14,558D99620C,FFFFF3A2,164,1
A 1
1A,FFFFE5,3110,29,7,24917C2ED3,1,1,0
56,1E,706,2B,7,A5C43E9B,0,165,1
T
FFFFF7,D,D62,30,B,526854F96,FFFFFFC0,1,0
2E,3B,9B2,2D,4,55AC11ED06,FFFFF55D,165,1
A 0
1A,FFFFE5,3110,29,7,24917C2ED3,1,1,0
FFFFD3,28,14A2,30,E,A51F3CC7E7,0,166,1
T
FFFFF7,D,D62,30,B,526854F96,FFFFFFC0,1,0
15,FFFFE9,88A,2C,9,55CA8A79ED,FFFFF330,166,1
A 1
1A,FFFFE5,3110,29,7,24917C2ED3,1,1,0
FFFFE4,5,480,2E,8,A53DB55166,0,167,1
T
FFFFF7,D,D62,30,B,526854F96,FFFFFFC0,1,0
FFFFF9,FFFFEE,F78,2C,5,55E90304D1,FFFFF5FD,167,1
A 0
1A,FFFFE5,3110,29,7,24917C2ED3,1,1,0
FFFFF0,E,1854,2B,B,A55C2DD8B4,0,168,1
T
FFFFF7,D,D62,30,B,526854F96,FFFFFFC0,1,0
FFFFEE,9,171E,28,6,5677B8FC2,FFFFF4D8,168,1
A 1
1A,FFFFE5,3110,29,7,24917C2ED3,1,1,0
FFFFE5,FFFFEC,3FB0,28,6,A57AA6623B,0,169,1
T
FFFFF7,D,D62,30,B,526854F96,FFFFFFC0,1,0
21,17,17EC,2E,5,5625F41CB0,FFFFF627,169,1
A 0
1A,FFFFE5,3110,29,7,24917C2ED3,1,1,0
FFFFBD,FFFF93,140,29,6,A5991EEB86,0,170,1
T
FFFFF7,D,D62,30,B,526854F96,FFFFFFC0,1,0
9,4,34D8,2F,13,56446CA79E,FFFFF2F6,170,1
A 1
1A,FFFFE5,3110,29,7,24917C2ED3,1,1,0
FFFFEE,FFFFD5,EB0,29,6,A5B79772F8,0,171,1
T
FFFFF7,D,D62,30,B,526854F96,FFFFFFC0,1,0
FFFFC1,FFFFD2,3338,2C,4,5662E53347,FFFFF5FE,171,1
A 0
1A,FFFFE5,3110,29,7,24917C2ED3,1,1,0
FFFFF2,FFFFFE,1824,2A,B,A5D60FFA48,0,172,1
T
FFFFF7,D,D62,30,B,526854F96,FFFFFFC0,1,0
19,11,8C2,28,E,56815DBD6F,FFFFF3F2,172,1
A 1
1A,FFFFE5,3110,29,7,24917C2ED3,1,1,0
0,18,3DBA,29,6,A5F48883C4,0,173,1
T
FFFFF7,D,D62,30,B,526854F96,FFFFFFC0,1,0
11,A,3D04,2C,5,569FD64A61,FFFFF623,173,1
A 0
1A,FFFFE5,3110,29,7,24917C2ED3,1,1,0
1A,FFFFFA,172C,2F,D,A613010D0F,0,174,1
T
FFFFF7,D,D62,30,B,526854F96,FFFFFFC0,1,0
FFFFF8,FFFFE0,29D0,2E,12,56BE4ED54E,FFFFF2F0,174,1
A 1
1A,FFFFE5,3110,29,7,24917C2ED3,1,1,0
3F,FFFFF9,BEA,2A,6,A631799484,0,175,1
T
FFFFF7,D,D62,30,B,526854F96,FFFFFFC0,1,0
FFFFF4,FFFFEC,DF2,29,4,56DCC76100,FFFFF59B,175,1
A 0
1A,FFFFE5,3110,29,7,24917C2ED3,1,1,0
1E,FFFFFA,10BE,2D,6,A64FF21DE8,0,176,1
T
FFFFF7,D,D62,30,B,526854F96,FFFFFFC0,1,0
B,FFFFE2,3DF2,2F,A,56FB3FED36,FFFFF491,176,1
A 1
1A,FFFFE5,3110,29,7,24917C2ED3,1,1,0
FFFFD6,FFFFE5,3CE8,2E,7,A66E6AA74A,0,177,1
T
FFFFF7,D,D62,30,B,526854F96,FFFFFFC0,1,0
3,10,914,29,4,5719B878C9,FFFFF5FF,177,1
A 0
1A,FFFFE5,3110,29,7,24917C2ED3,1,1,0
3,FFFFF6,2DF4,2D,7,A68CE32EAB,0,178,1
T
FFFFF7,D,D62,30,B,526854F96,FFFFFFC0,1,0
FFFFF2,FFFFF4,18D4,2F,15,573831030B,FFFFF2BF,178,1
A 1
1A,FFFFE5,3110,29,7,24917C2ED3,1,1,0
25,FFFFED,5DE,2A,6,A6AB5BB80E,0,179,1
T
FFFFF7,D,D62,30,B,526854F96,FFFFFFC0,1,0
2,FFFFED,1454,29,4,5756A98FEC,FFFFF567,179,1
A 0
1A,FFFFE5,3110,29,7,24917C2ED3,1,1,0
B,FFFFE8,3A6A,2C,5,A6C9D4417B,0,180,1
T
FFFFF7,D,D62,30,B,526854F96,FFFFFFC0,1,0
FFFFDB,FFFFF5,666,2B,10,5775221ADA,FFFFF3A8,180,1
A 1
1A,FFFFE5,3110,29,7,24917C2ED3,1,1,0
68,6C,373E,2F,8,A6E84CC8D1,0,181,1
T
FFFFF7,D,D62,30,B,526854F96,FFFFFFC0,1,0
FFFFE9,FFFFF3,37AE,2E,5,57939AA5C9,FFFFF5C5,181,1
A 0
1A,FFFFE5,3110,29,7,24917C2ED3,1,1,0
C,B,F9E,2B,B,A76C55221,0,182,1
T
FFFFF7,D,D62,30,B,526854F96,FFFFFFC0,1,0
7,1,32FA,2C,12,57B21332C6,FFFFF496,182,1
A 1
1A,FFFFE5,3110,29,7,24917C2ED3,1,1,0
21,9,162C,2B,7,A7253DDB98,0,183,1
T
FFFFF7,D,D62,30,B,526854F96,FFFFFFC0,1,0
FFFFF7,C,E5E,27,3,57D08BBDAF,FFFFF5C2,183,1
A 0
1A,FFFFE5,3110,29,7,24917C2ED3,1,1,0
FFFFFB,FFFFCB,2E52,2F,D,A743B662E6,0,184,1
T
FFFFF7,D,D62,30,B,526854F96,FFFFFFC0,1,0
FFFFFA,FFFFFE,C4A,2A,F,57EF044894,FFFFF3D9,184,1
A 1
1A,FFFFE5,3110,29,7,24917C2ED3,1,1,0
FFFFED,FFFFD3,2F2A,2E,8,A7622EEA71,0,185,1
T
FFFFF7,D,D62,30,B,526854F96,FFFFFFC0,1,0
FFFFCF,2,1040,2A,4,58D7CD47E,FFFFF5C0,185,1
A 0
1A,FFFFE5,3110,29,7,24917C2ED3,1,1,0
14,54,14B2,2B,B,A780A773B4,0,186,1
T
FFFFF7,D,D62,30,B,526854F96,FFFFFFC0,1,0
FFFFD6,FFFFEB,3976,2E,13,582BF55E7A,FFFFF220,186,1
A 1
1A,FFFFE5,3110,29,7,24917C2ED3,1,1,0
FFFFE6,FFFFD4,134C,2B,7,A79F1FFB2A,0,187,1
T
FFFFF7,D,D62,30,B,526854F96,FFFFFFC0,1,0
10,8,294C,29,4,584A6DE953,FFFFF5C0,187,1
A 0
1A,FFFFE5,3110,29,7,24917C2ED3,1,1,0
1,FFFFD5,A7A,29,A,A7BD98827C,0,188,1
T
FFFFF7,D,D62,30,B,526854F96,FFFFFFC0,1,0
35,FFFFF0,161E,2B,11,5868E67458,FFFFF2B3,188,1
A 1
1A,FFFFE5,3110,29,7,24917C2ED3,1,1,0
FFFFEE,FFFFDF,80,2A,6,A7DC110BF3,0,189,1
T
FFFFF7,D,D62,30,B,526854F96,FFFFFFC0,1,0
36,24,16F4,2A,4,58875F0132,FFFFF642,189,1
A 0
1A,FFFFE5,3110,29,7,24917C2ED3,1,1,0
FFFFE1,FFFFEC,2D7C,2E,C,A7FA899543,0,190,1
T
FFFFF7,D,D62,30,B,526854F96,FFFFFFC0,1,0
14,7,3DE4,31,17,58A5D78C31,FFFFF423,190,1
A 1
1A,FFFFE5,3110,29,7,24917C2ED3,1,1,0
FFFF8E,FFFFE2,3122,2C,8,A819021CBE,0,191,1
T
FFFFF7,D,D62,30,B,526854F96,FFFFFFC0,1,0
FFFFF4,FFFFFA,3460,2F,6,58C4501732,FFFFF589,191,1
A 0
1A,FFFFE5,3110,29,7,24917C2ED3,1,1,0
12,2D,3C02,30,7,A8377AA619,0,192,1
T
FFFFF7,D,D62,30,B,526854F96,FFFFFFC0,1,0
37,31,1852,2A,F,58E2C8A40A,FFFFF42B,192,1
A 1
1A,FFFFE5,3110,29,7,24917C2ED3,1,1,0
FFFFB4,C,398A,2E,8,A855F32F85,0,193,1
T
FFFFF7,D,D62,30,B,526854F96,FFFFFFC0,1,0
FFFFFE,8,CBE,28,4,591412EF3,FFFFF56D,193,1
A 0
1A,FFFFE5,3110,29,7,24917C2ED3,1,1,0
FFFFF5,7,3A1A,29,5,A8746BB6E9,0,194,1
T
FFFFF7,D,D62,30,B,526854F96,FFFFFFC0,1,0
FFFFD3,FFFFC6,3EA0,2E,9,591FB9B9FD,FFFFF498,194,1
A 1
1A,FFFFE5,3110,29,7,24917C2ED3,1,1,0
FFFFE2,FFFFEA,7A2,2F,9,A892E4404D,0,195,1
T
FFFFF7,D,D62,30,B,526854F96,FFFFFFC0,1,0
FFFFE6,5,328,2D,5,593E3246DD,FFFFF5E4,195,1
A 0
1A,FFFFE5,3110,29,7,24917C2ED3,1,1,0
18,1,2DD8,31,7,A8B15CC9A5,0,196,1
T
FFFFF7,D,D62,30,B,526854F96,FFFFFFC0,1,0
22,1B,184C,2C,8,595CAAD1C7,FFFFF2F0,196,1
A 1
1A,FFFFE5,3110,29,7,24917C2ED3,1,1,0
D,62,316A,28,6,A8CFD5510A,0,197,1
T
FFFFF7,D,D62,30,B,526854F96,FFFFFFC0,1,0
1C,FFFFFD,2B5E,2E,5,597B235D8A,FFFFF611,197,1
A 0
1A,FFFFE5,3110,29,7,24917C2ED3,1,1,0
24,1C,271E,2D,C,A8EE4DD85B,0,198,1
T
FFFFF7,D,D62,30,B,526854F96,FFFFFFC0,1,0
FFFFCE,1A,874,2B,11,59999BE79E,FFFFF367,198,1
A 1
1A,FFFFE5,3110,29,7,24917C2ED3,1,1,0
FFFFD4,FFFFD9,1394,2A,7,A9CC661D1,0,199,1
T
FFFFF7,D,D62,30,B,526854F96,FFFFFFC0,1,0
2A,2A,256,2E,5,59B8147552,FFFFF593,199,1
A 0
1A,FFFFE5,3110,29,7,24917C2ED3,1,1,0
2,28,DC6,2E,C,A92B3EEB20,0,200,1
T
FFFFF7,D,D62,30,B,526854F96,FFFFFFC0,1,0
FFFFDB,FFFFDC,34DE,28,D,59D68CFF7C,FFFFF3B0,200,1
A 1
1A,FFFFE5,3110,29,7,24917C2ED3,1,1,0
FFFFB5,FFFFF9,180C,2B,7,A949B77292,0,201,1
T
FFFFF7,D,D62,30,B,526854F96,FFFFFFC0,1,0
FFFFC9,FFFFE8,16C0,2A,4,59F5058B41,FFFFF631,201,1
A 0
1A,FFFFE5,3110,29,7,24917C2ED3,1,1,0
2A,10,3EB2,2E,D,A9682FFBE6,0,202,1
T
FFFFF7,D,D62,30,B,526854F96,FFFFFFC0,1,0
D,FFFFFB,143C,2B,11,5A137E1757,FFFFF437,202,1
A 1
1A,FFFFE5,3110,29,7,24917C2ED3,1,1,0
30,FFFFF7,42E,29,6,A986A8855F,0,203,1
T
FFFFF7,D,D62,30,B,526854F96,FFFFFFC0,1,0
FFFFF3,FFFFDC,13F4,2D,5,5A31F6A314,FFFFF5E7,203,1
A 0
1A,FFFFE5,3110,29,7,24917C2ED3,1,1,0
3B,23,3228,2E,C,A9A5210CAC,0,204,1
T
FFFFF7,D,D62,30,B,526854F96,FFFFFFC0,1,0
20,FFFFF4,3EF8,29,E,5A506F2D34,FFFFF2D0,204,1
A 1
1A,FFFFE5,3110,29,7,24917C2ED3,1,1,0
39,81,2FB4,2F,9,A9C3999624,0,205,1
T
FFFFF7,D,D62,30,B,526854F96,FFFFFFC0,1,0
FFFFE1,6,3794,2C,5,5A6EE7BB07,FFFFF57B,205,1
A 0
1A,FFFFE5,3110,29,7,24917C2ED3,1,1,0
D,16,16E4,2C,B,A9E2121F72,0,206,1
T
FFFFF7,D,D62,30,B,526854F96,FFFFFFC0,1,0
7,11,26EE,2F,15,5A8D604519,FFFFF46C,206,1
A 1
1A,FFFFE5,3110,29,7,24917C2ED3,1,1,0
FFFFD5,FFFFF9,1096,29,6,AA8AA6ED,0,207,1
T
FFFFF7,D,D62,30,B,526854F96,FFFFFFC0,1,0
FFFFE1,FFFFCF,2A96,2D,5,5AABD8D020,FFFFF5EB,207,1
A 0
1A,FFFFE5,3110,29,7,24917C2ED3,1,1,0
FFFFEF,FFFFE3,B0E,2D,6,AA1F033048,0,208,1
T
FFFFF7,D,D62,30,B,526854F96,FFFFFFC0,1,0
1B,1E,2AC,28,D,5ACA515CEF,FFFFF394,208,1
A 1
1A,FFFFE5,3110,29,7,24917C2ED3,1,1,0
3C,18,18DA,2B,7,AA3D7BB9B4,0,209,1
T
FFFFF7,D,D62,30,B,526854F96,FFFFFFC0,1,0
FFFFDD,FFFFEE,3D82,2B,4,5AE8C9E8C7,FFFFF57C,209,1
A 0
1A,FFFFE5,3110,29,7,24917C2ED3,1,1,0
53,61,3F4,2F,8,AA5BF4410D,0,210,1
T
FFFFF7,D,D62,30,B,526854F96,FFFFFFC0,1,0
7,18,2A0E,2B,F,5B74272D0,FFFFF39A,210,1
A 1
1A,FFFFE5,3110,29,7,24917C2ED3,1,1,0
41,FFFFF2,634,2D,8,AA7A6CC87F,0,211,1
T
FFFFF7,D,D62,30,B,526854F96,FFFFFFC0,1,0
15,25,CEE,27,3,5B25BAFDE8,FFFFF550,211,1
A 0
1A,FFFFE5,3110,29,7,24917C2ED3,1,1,0
1E,1F,17A0,2F,D,AA98E551CA,0,212,1
T
FFFFF7,D,D62,30,B,526854F96,FFFFFFC0,1,0
FFFFEB,10,3CA8,2B,11,5B44338AA6,FFFFF394,212,1
A 1
1A,FFFFE5,3110,29,7,24917C2ED3,1,1,0
FFFFFA,6,FFE,2D,7,AAB75DDB40,0,213,1
T
FFFFF7,D,D62,30,B,526854F96,FFFFFFC0,1,0
FFFFFF,FFFFD9,27FE,28,4,5B62AC1589,FFFFF5EA,213,1
A 0
1A,FFFFE5,3110,29,7,24917C2ED3,1,1,0
32,1F,3230,2B,A,AAD5D6628F,0,214,1
T
FFFFF7,D,D62,30,B,526854F96,FFFFFFC0,1,0
FFFFF2,2,2756,2C,10,5B8124A08A,FFFFF3F4,214,1
A 1
1A,FFFFE5,3110,29,7,24917C2ED3,1,1,0
FFFFF1,C,3C38,2B,7,AAF44EEC0A,0,215,1
T
FFFFF7,D,D62,30,B,526854F96,FFFFFFC0,1,0
1,FFFFFA,3E46,29,3,5B9F9D2E48,FFFFF5D9,215,1
A 0
1A,FFFFE5,3110,29,7,24917C2ED3,1,1,0
B,FFFFFE,3E72,30,E,AB12C77555,0,216,1
T
FFFFF7,D,D62,30,B,526854F96,FFFFFFC0,1,0
C,5,1F6,2D,11,5BBE15B85F,FFFFF392,216,1
A 1
1A,FFFFE5,3110,29,7,24917C2ED3,1,1,0
FFFFF7,8,2BE0,2D,7,AB313FFCC7,0,217,1
T
FFFFF7,D,D62,30,B,526854F96,FFFFFFC0,1,0
FFFFE6,FFFFEF,30B2,2A,4,5BDC8E435D,FFFFF5D2,217,1
A 0
1A,FFFFE5,3110,29,7,24917C2ED3,1,1,0
2D,FFFFE2,1048,31,E,AB4FB88620,0,218,1
T
FFFFF7,D,D62,30,B,526854F96,FFFFFFC0,1,0
FFFFEE,37,181C,2C,12,5BFB06D043,FFFFF51B,218,1
A 1
1A,FFFFE5,3110,29,7,24917C2ED3,1,1,0
4C,45,F80,29,6,AB6E310F8D,0,219,1
T
FFFFF7,D,D62,30,B,526854F96,FFFFFFC0,1,0
FFFFFD,FFFFF7,285E,2D,5,5C197F5C00,FFFFF697,219,1
A 0
1A,FFFFE5,3110,29,7,24917C2ED3,1,1,0
19,7,7EA,2E,7,AB8CA996F8,0,220,1
T
FFFFF7,D,D62,30,B,526854F96,FFFFFFC0,1,0
FFFFF7,FFFFB4,3AA4,2C,10,5C37F7E618,FFFFF4AD,220,1
A 1
1A,FFFFE5,3110,29,7,24917C2ED3,1,1,0
FFFFC4,FFFFF3,3C44,2E,8,ABAB222053,0,221,1
T
FFFFF7,D,D62,30,B,526854F96,FFFFFFC0,1,0
6,A,CEC,2A,4,5C567072FA,FFFFF597,221,1
A 0
1A,FFFFE5,3110,29,7,24917C2ED3,1,1,0
FFFFCD,FFFFC4,3EE6,2A,A,ABC99AA9A6,0,222,1
T
FFFFF7,D,D62,30,B,526854F96,FFFFFFC0,1,0
FFFFE8,1D,101E,2D,8,5C74E8FDF5,FFFFF297,222,1
A 1
1A,FFFFE5,3110,29,7,24917C2ED3,1,1,0
26,45,2B6C,29,6,ABE813311E,0,223,1
T
FFFFF7,D,D62,30,B,526854F96,FFFFFFC0,1,0
F,1,1018,2C,4,5C936189A0,FFFFF666,223,1
A 0
1A,FFFFE5,3110,29,7,24917C2ED3,1,1,0
FFFFF6,FFFFCA,C02,2F,D,AC68BB86B,0,224,1
T
FFFFF7,D,D62,30,B,526854F96,FFFFFFC0,1,0
FFFFFA,5,388E,2F,9,5CB1DA13D1,FFFFF361,224,1
A 1
1A,FFFFE5,3110,29,7,24917C2ED3,1,1,0
2,FFFFE1,E68,2F,8,AC250441E5,0,225,1
T
FFFFF7,D,D62,30,B,526854F96,FFFFFFC0,1,0
FFFFF1,FFFFF1,2F0,2A,4,5CD052A0E2,FFFFF661,225,1
A 0
1A,FFFFE5,3110,29,7,24917C2ED3,1,1,0
24,19,2D3C,2E,C,AC437CCB36,0,226,1
T
FFFFF7,D,D62,30,B,526854F96,FFFFFFC0,1,0
F,1B,1016,29,D,5CEECB2BA7,FFFFF32E,226,1
A 1
1A,FFFFE5,3110,29,7,24917C2ED3,1,1,0
2F,20,2B0,2E,8,AC61F552B1,0,227,1
T
FFFFF7,D,D62,30,B,526854F96,FFFFFFC0,1,0
FFFFE3,FFFFCD,3560,2D,5,5DD43B6AD,FFFFF562,227,1
A 0
1A,FFFFE5,3110,29,7,24917C2ED3,1,1,0
FFFFDA,FFFFFF,2C74,29,6,AC806DDC10,0,228,1
T
FFFFF7,D,D62,30,B,526854F96,FFFFFFC0,1,0
3,2,328A,2D,13,5D2BBC4391,FFFFF423,228,1
A 1
1A,FFFFE5,3110,29,7,24917C2ED3,1,1,0
1F,12,15DA,28,6,AC9EE6657B,0,229,1
T
FFFFF7,D,D62,30,B,526854F96,FFFFFFC0,1,0
16,1E,806,2B,4,5D4A34CF3D,FFFFF614,229,1
A 0
1A,FFFFE5,3110,29,7,24917C2ED3,1,1,0
7,23,3198,2C,7,ACBD5EECD2,0,230,1
T
FFFFF7,D,D62,30,B,526854F96,FFFFFFC0,1,0
19,FFFFE9,DE,2A,F,5D68AD5957,FFFFF306,230,1
A 1
1A,FFFFE5,3110,29,7,24917C2ED3,1,1,0
FFFFFC,32,3388,2C,7,ACDBD77642,0,231,1
T
FFFFF7,D,D62,30,B,526854F96,FFFFFFC0,1,0
FFFFFF,FFFFF0,3328,2A,4,5D8725E650,FFFFF57D,231,1
A 0
1A,FFFFE5,3110,29,7,24917C2ED3,1,1,0
4,FFFFB7,3042,29,5,ACFA4FFFA2,0,232,1
T
FFFFF7,D,D62,30,B,526854F96,FFFFFFC0,1,0
FFFFFE,C,1902,2A,F,5DA59E7137,FFFFF400,232,1
